sigma,t,q_abs,main_base,seed_complex_re,seed_complex_im,seed_abs,prefix_abs,seed_prefix_norm_tax,main_seeded_oriented,oriented_gain,tail_without_tilt,tilt_tail_upper,vertical_tail,horizontal_tail,horizontal_defect,cutoff_budget,defect_total,surplus_no_tilt,surplus_tilt_norm_only,surplus_tilt_oriented,norm_tax,net_oriented_gain,failure_class
0.84,32.82,0.27932178451805495,0.06443933805174411,-0.012925584950474625,-0.0020660632799937954,0.013089666297842539,0.8259266023210708,0.010811103610893718,0.06643330286212154,0.0019939648103774327,0.0007591071973864862,0.00011056213395324759,0.0006590030936671941,0.00010010409328689991,0.016344847686100027,1.043239217620721e-11,0.016344847686100027,0.0473353831682576,0.03641371742341063,0.049218785844681784,0.010921665744846966,-0.008927700934469533,pass
0.84,32.821,0.279321784518055,0.0644452375671126,-0.01275154885153352,-0.0018778895773206225,0.012889083263663682,0.8260022171059357,0.01064641135224921,0.06628381614947887,0.0018385785823662737,0.0007591044653421635,0.00010886790525489755,0.000659003093667195,0.00010010136124267413,0.016344401601976206,1.0432294390515558e-11,0.016344401601976206,0.047341731499794225,0.03658645224229012,0.0490714421769056,0.010755279257504108,-0.008916700675137834,pass
0.84,32.822,0.279321784518055,0.06445113993023564,-0.01257583408655073,-0.0016908507303085402,0.012688994411088539,0.8260778683908073,0.010482097455134887,0.06613498829539431,0.0016838483651586689,0.0007591017327253773,0.00010717785067156483,0.000659003093667195,0.00010009862862617048,0.016343955424411732,1.043201180146266e-11,0.016343955424411732,0.04734808277309853,0.03675880746729208,0.04892475328758563,0.010589275305806452,-0.008905426940647783,pass
0.84,32.823,0.279321784518055,0.06445704514082883,-0.012398448481085136,-0.0015049624218445483,0.012489453015616278,0.8261535561720399,0.010318206023494996,0.06598683579475033,0.0015297906539215034,0.0007590989995365345,0.00010549242019584227,0.000659003093667195,0.00010009589543750001,0.016343509153424716,1.043183956563453e-11,0.016343509153424716,0.04735443698786757,0.036930738544176736,0.048778735221593233,0.010423698443690838,-0.008893907789769335,pass
0.84,32.824,0.279321784518055,0.06446295319862931,-0.012219400018448304,-0.001320240267474526,0.012290515496703774,0.8262292804462641,0.010154783775155217,0.0658393752161756,0.001376422017546286,0.0007590962657757965,0.00010381209037582568,0.000659003093667195,0.00010009316167678762,0.016343062789035533,1.0431813853911125e-11,0.016343062789035533,0.047360794143817976,0.03710219827828694,0.048633404070988435,0.010258595865531041,-0.008882173847984755,pass
0.84,32.825,0.27932178451805495,0.06446886410339564,-0.012038696839036737,-0.0011366998137470816,0.012092241646973723,0.826305041210386,0.009991880232428568,0.06569262320004171,0.001223759096646071,0.000759093531442959,0.00010213736625112477,0.0006590030936671941,0.00010009042734414268,0.01634261633126208,1.0431622280932328e-11,0.01634261633126208,0.0473671542406906,0.03727313664201091,0.04848877597108555,0.010094017598679693,-0.008870258502033622,pass
0.84,32.826,0.279321784518055,0.06447477785490785,-0.011856347239644266,-0.0009543565365715267,0.011894694879059193,0.8263808384615856,0.009829547927401663,0.06554659645638966,0.001071818601481811,0.0007590907965385362,0.0001004687834378413,0.000659003093667195,0.00010008769243969328,0.016342169780125204,1.0431647986815663e-11,0.016342169780125204,0.04737351727824411,0.03744350056740461,0.04834486709628808,0.009930016710839505,-0.008858198109357694,pass
0.84,32.827,0.27932178451805495,0.06448069445296753,-0.011672359672742882,-0.0007732258395685532,0.011697942491261054,0.8264566721973204,0.009667842622883243,0.06540131176276724,0.0009206173097997122,0.0007590880610622044,9.880691037244879e-05,0.0006590030936671941,0.00010008495696353513,0.016341723135640605,1.0431475115966245e-11,0.016341723135640605,0.04737988325626472,0.03761323372300903,0.048201693655691984,0.009766649533255692,-0.00884603222345598,pass
0.84,32.828,0.279321784518055,0.06448661389739788,-0.011486742745772157,-0.0005933230524454812,0.011502055953268201,0.8265325424153238,0.009506823550058077,0.06525678596200309,0.0007701720646052096,0.0007590853250144167,9.715235072513586e-05,0.000659003093667195,0.00010008222091579417,0.01634127639782878,1.0431427492803493e-11,0.01634127639782878,0.04738625217455468,0.03778227627377147,0.04805927188843476,0.009603975900783213,-0.008833803836178003,pass
0.84,32.829,0.279321784518055,0.06449253618804338,-0.011299505220380417,-0.00041466342937965364,0.011307111213084852,0.826608449113603,0.0093465536638031,0.06511303595989947,0.0006204997718560895,0.0007590825883950097,9.550574599227226e-05,0.000659003093667195,0.00010007948429657532,0.016340829566706908,1.0431239399823353e-11,0.016340829566706908,0.04739262403294146,0.03795056462314609,0.04791761805880528,0.009442059409795372,-0.008821559637939283,pass
0.84,32.83,0.279321784518055,0.0644984613247703,-0.011110656011683744,-0.00023726214738747917,0.011113189026402234,0.8266843922904434,0.009187099916700156,0.06497007872283014,0.0004716173980598426,0.0007590798512042646,9.386777827845483e-05,0.000659003093667195,0.00010007674710599581,0.01634038264229412,1.0431073767864021e-11,0.01634038264229412,0.04739899883127192,0.03811803113629331,0.04777674845105331,0.00928096769497861,-0.008809350296918768,pass
0.84,32.831,0.279321784518055,0.06450438930746638,-0.010920204187463048,-6.113430472376493e-05,0.010920375309443332,0.8267603719444065,0.009028533552607883,0.06482793127526991,0.0003235419678035284,0.0007590771134423675,9.22391732768172e-05,0.000659003093667195,0.00010007400934416511,0.016339935624608285,1.0431007388676018e-11,0.016339935624608285,0.04740537656941573,0.03828460384353103,0.04763667936394244,0.0091207727258847,-0.008797230758081172,pass
0.84,32.832,0.27932178451805495,0.06451032013604081,-0.010728158967399417,0.00011370508071564327,0.010728761516371452,0.8268363880743289,0.008870930420707432,0.06468661069724202,0.00017629056120120612,0.000759074375109339,9.062070345681912e-05,0.0006590030936671941,0.00010007127101119364,0.01633948851366746,1.043095121522256e-11,0.01633948851366746,0.04741175724726402,0.03845020612309977,0.04749742710500841,0.00896155112416425,-0.008785260562963044,pass
0.84,32.833,0.279321784518055,0.06451625381042463,-0.010534529722242388,0.0002872410729851604,0.010538445041979292,0.8269124406793255,0.008714371310628032,0.0645461341216771,2.9880311252478142e-05,0.0007590716362052901,8.901319146556822e-05,0.000659003093667195,0.00010006853210718712,0.01633904130948883,1.0430908033339791e-11,0.01633904130948883,0.04741814086473051,0.03861475636263691,0.047359007984517414,0.0088033845020936,-0.008773504190841122,pass
0.84,32.834,0.279321784518055,0.06452219033057029,-0.010339325972979251,0.0004594588196787184,0.010349529650303141,0.8269885297587876,0.008558942309199173,0.06440651873168132,-0.00011567159888896394,0.0007590688967302002,8.741751374811781e-05,0.000659003093667195,0.00010006579263225569,0.016338594012090455,1.0430749483893843e-11,0.016338594012090455,0.047424527421749636,0.03877816759880234,0.04722143830911255,0.008646359822947291,-0.008762031421836255,pass
0.84,32.835,0.279321784518055,0.06452812969645184,-0.010142557390006827,0.0006303435534945383,0.010162125929401498,0.8270646553123827,0.008404735179041476,0.06426778175773458,-0.0002603479387172647,0.0007590661566843446,8.583460438876467e-05,0.000659003093667195,0.00010006305258650294,0.016338146621489223,1.0430646650818311e-11,0.016338146621489223,0.04743091691827828,0.03894034713484804,0.04708473437517225,0.00849056978343024,-0.008750917722147505,pass
0.84,32.836,0.279321784518055,0.06453407190806504,-0.009944233792255171,0.0007998805938045734,0.009976351772034445,0.8271408173400564,0.00825184775879249,0.06412994047478841,-0.00040413143327662493,0.0007590634160678329,8.426545917111665e-05,0.000659003093667195,0.00010006031197003914,0.016337699137703134,1.0430598721289848e-11,0.016337699137703134,0.04743730935429407,0.039101196136330466,0.04694891246184633,0.008336113217963606,-0.008740244651240231,pass
0.84,32.837,0.279321784518055,0.06454001696542726,-0.00974436514630927,0.0009680553482098172,0.009792332881484601,0.8272170158420312,0.00810038438435349,0.06399301219928122,-0.0005470047661460392,0.0007590606748805592,8.271113985051999e-05,0.000659003093667195,0.00010005757078296704,0.01633725156074897,1.0430397119956441e-11,0.01633725156074897,0.047443704729797725,0.03926060920559372,0.04681398882380117,0.00818309552420401,-0.008730100290350049,pass
0.84,32.838,0.27932178451805506,0.06454596486857746,-0.009542961565530287,0.001134853314081374,0.009610203300954133,0.8272932508188061,0.007950456329875965,0.06385701428607042,-0.0006889505825070363,0.0007590579331228074,8.117277862562181e-05,0.000659003093667196,0.000100054829025386,0.01633680389064294,1.0430225394847475e-11,0.01633680389064294,0.04745010304481171,0.03941847393631012,0.046679979683679054,0.008031629108501586,-0.008720579691008623,pass
0.84,32.839,0.279321784518055,0.06455191561757628,-0.009340033309113519,0.0013002600801041212,0.009430105963946661,0.8273695222711591,0.007802182266356958,0.063721964125263,-0.0008299514923132828,0.0007590551907947095,7.965158278718197e-05,0.000659003093667195,0.00010005208669739889,0.016336356127401884,1.0430115486392464e-11,0.016336356127401884,0.04745650429937969,0.03957467045023555,0.04654690122427923,0.00788183384914414,-0.008711785341457423,pass
0.84,32.84,0.279321784518055,0.06455786921250614,-0.009135590781192101,0.0014642613278026424,0.009252193262005525,0.8274458302001461,0.007655688734852359,0.0635878791389674,-0.0009699900735387484,0.0007590524478964421,7.814883951348658e-05,0.000659003093667195,0.00010004934379911799,0.016335908271044097,1.0430129052259119e-11,0.016335908271044097,0.047462908493565596,0.03972907091919975,0.04641476958051336,0.007733837574365846,-0.008703827647904595,pass
0.84,32.841,0.27932178451805495,0.06456382565347098,-0.008929644529869612,0.001626842833047754,0.009076627624468744,0.8275221746070991,0.0075111106298992435,0.06345477677795831,-0.0011090488755126637,0.0007590497044277153,7.666592076725931e-05,0.0006590030936671941,0.00010004660033063416,0.016335460321584425,1.0429886954861527e-11,0.016335460321584425,0.04746931562745884,0.03988153907679234,0.04628360083117892,0.007587776550666503,-0.008696825426179167,pass
0.84,32.842,0.279321784518055,0.06456978494059651,-0.008722205246271464,0.0017879904675785776,0.008903582103301867,0.8275985554936298,0.00736859168741156,0.06332267451823417,-0.0012471104223623353,0.0007590469603890573,7.520428823546481e-05,0.000659003093667195,0.0001000438562920541,0.016335012279040256,1.04298083060997e-11,0.016335012279040256,0.04747572570116719,0.040031929725520166,0.04615341099056939,0.0074437959756470246,-0.00869090639800936,pass
0.84,32.843,0.279321784518055,0.06457574707403017,-0.008513283763562574,0.001947690200485566,0.008733240953735654,0.8276749728616276,0.007228284969377213,0.06319158985750459,-0.001384157216525586,0.0007590442157804025,7.376549823367584e-05,0.000659003093667195,0.00010004111168347804,0.01633456414342802,1.0429729483349767e-11,0.01633456414342802,0.04748213871482176,0.040180088247210866,0.0460242160000625,0.007302050467610888,-0.008686207684136475,pass
0.84,32.844,0.279321784518055,0.06458171205394099,-0.00830289105595916,0.0021059280997045315,0.008565800198945326,0.8277514267132594,0.007090353335617715,0.06306154031157019,-0.0015201717423708044,0.0007590414706018231,7.235120647564894e-05,0.000659003093667195,0.00010003836650498461,0.016334115914760507,1.0429643518613943e-11,0.016334115914760507,0.04748855466857866,0.0403258501264853,0.04589603171973221,0.007162704542093364,-0.008682876284464168,pass
0.84,32.845,0.279321784518055,0.06458767988051983,-0.008091038237713375,0.002262690333488735,0.008401468163922501,0.8278279170509714,0.006954969890310013,0.06293254341062003,-0.0016551364698998011,0.0007590387248533596,7.096317258268423e-05,0.000659003093667195,0.00010003562075669576,0.016333667593057637,1.0429468794396352e-11,0.016333667593057637,0.04749497356260883,0.040469040499716134,0.045768873920126345,0.007025933062892698,-0.008681069532792499,pass
0.84,32.846000000000004,0.279321784518055,0.06459365055397936,-0.007877736562101157,0.0024179631718777694,0.008240465960273275,0.8279044438774891,0.0068223183881314245,0.06280461669543222,-0.0017890338585471455,0.0007590359785352864,6.960326417848238e-05,0.000659003093667195,0.00010003287443869063,0.016333219178332355,1.0429400705365028e-11,0.016333219178332355,0.04750139539711172,0.04060947374480181,0.045642758274386096,0.006891921652309907,-0.008680955510857052,pass
0.84,32.847,0.279321784518055,0.06459962407455382,-0.007662997420370253,0.0025717329881404373,0.008083027899672924,0.8279810071958146,0.006692593581563057,0.06267777771349291,-0.0019218463610609082,0.0007590332316475371,6.827346038139823e-05,0.000659003093667195,0.00010003012755107307,0.016332770670601602,1.0429269016424588e-11,0.016332770670601602,0.047507820172304684,0.040746953130360225,0.045517700350862375,0.006760867041944456,-0.008682713403005363,pass
0.84,32.848,0.279321784518055,0.06460560044249927,-0.0074468323406902135,0.002723986260232798,0.007929401809486435,0.8280576070092308,0.006566001487378003,0.06255204401500483,-0.0020535564274944407,0.0007590304841903515,6.697585447033601e-05,0.000659003093667195,0.0001000273800939378,0.01633232206988083,1.042921873640589e-11,0.01633232206988083,0.04751424788842809,0.04088127054657975,0.04539371560646331,0.006632977341848339,-0.00868653376934278,pass
0.84,32.849000000000004,0.279321784518055,0.06461157965809368,-0.007229252987079134,0.002874709572218272,0.0077798492193484016,0.8281342433212995,0.006442759546418891,0.06242743314882505,-0.002184146509268632,0.0007590277361636747,6.571265546070032e-05,0.000659003093667195,0.0001000246320673725,0.016331873376184376,1.0429107192807241e-11,0.016331873376184376,0.04752067854574563,0.04101220634386604,0.04527081938101629,0.0065084722018795916,-0.008692618711148223,pass
0.84,32.85,0.279321784518055,0.06461756172163656,-0.007010271158330116,0.0030238896156893507,0.007634645382805213,0.8282109161358598,0.006323096646865517,0.06230396265830179,-0.0023135990633347675,0.0007590249875676903,6.448618828719723e-05,0.000659003093667195,0.00010002188347146742,0.016331424589526973,1.0429027983566538e-11,0.016331424589526973,0.047527112144541896,0.04113952930938918,0.045149026892919934,0.0063875828351527145,-0.008701181898487481,pass
0.84,32.851,0.279321784518055,0.0646235466334493,-0.006789898786886763,0.0031715131911796753,0.00749407909339053,0.8282876254570315,0.006207252977251626,0.06218165007701731,-0.0024418965564319897,0.0007590222384023924,6.329889225031213e-05,0.000659003093667195,0.00010001913430631683,0.016330975709923992,1.042888048809342e-11,0.016330975709923992,0.04753354868512291,0.04126299681562097,0.04502835323644061,0.006270551869501938,-0.008712448425933928,pass
0.84,32.852,0.279321784518055,0.0646295343938752,-0.006568147937751958,0.0033175672095583112,0.007358452250448584,0.8283643712892141,0.006095479672104545,0.062060512924448766,-0.002569021469426433,0.0007590194886680371,6.21533173490272e-05,0.000659003093667195,0.00010001638457201174,0.01633052673739032,1.0428830311628243e-11,0.01633052673739032,0.04753998816781684,0.04138235517836327,0.044908813381041385,0.006157632989453572,-0.008726654458880004,pass
0.84,32.853,0.279321784518055,0.06463552500327929,-0.006345030807343758,0.0034620386934147464,0.007228079126631242,0.8284411536370864,0.00598803821024653,0.061940568701534346,-0.002694956301744947,0.0007590167383645195,6.105211809372058e-05,0.000659003093667195,0.00010001363426863737,0.01633007767193987,1.0428687143870929e-11,0.01633007767193987,0.047546430592974906,0.041497340264634655,0.04479042217313624,0.00604909032834025,-0.008744046630085198,pass
0.84,32.854,0.279321784518055,0.06464151846204834,-0.006120559722352775,0.0036049147784255635,0.007103285287428494,0.8285179725056057,0.0058851995244691546,0.061821834886157355,-0.002819683575890984,0.0007590139874920431,5.999804437995842e-05,0.000659003093667195,0.00010001088339628684,0.016329628513587817,1.0428561277984478e-11,0.016329628513587817,0.04755287596096848,0.04160767839211937,0.04467319434069754,0.005945197568849113,-0.008764881144740097,pass
0.84,32.855,0.279321784518055,0.06464751477059102,-0.005894747138580027,0.0037461827147273275,0.0069844061136161905,0.8285948279000103,0.005787242781695587,0.06170432892852754,-0.0029431858420634824,0.000759011236050707,5.899392900831952e-05,0.000659003093667195,0.00010000813195503966,0.016329179262347185,1.0428472308795777e-11,0.016329179262347185,0.047559324272193136,0.041713087561489226,0.04455714450112133,0.005846236710703907,-0.008789422552767389,pass
0.84,32.856,0.27932178451805506,0.06465351392933792,-0.0056676056397649355,0.00388582986825639,0.006871784881159245,0.8286717198258182,0.005694453795743288,0.06158806824649229,-0.003065445682845634,0.0007590084840404932,5.804267146625856e-05,0.000659003093667196,0.00010000537994498788,0.016328729918232948,1.042830921758086e-11,0.016328729918232948,0.04756577552706448,0.041813279059854935,0.04444228717275259,0.005752496467209546,-0.00881794215005518,pass
0.84,32.857,0.279321784518055,0.06465951593874121,-0.005439147936402988,0.004023843722081713,0.0067657703607064065,0.8287486482888261,0.005607123041068038,0.06147307022075806,-0.003186445717983148,0.0007590057314616662,5.714721765218931e-05,0.000659003093667195,0.00010000262736621766,0.01632828048125926,1.0428253491764026e-11,0.01632828048125926,0.047572229726020286,0.04190795946730006,0.04432863679038494,0.005664270258720227,-0.008850715976703376,pass
0.84,32.858,0.279321784518055,0.06466552079927525,-0.005209386864527422,0.004160211877730471,0.006666713911059972,0.8288256132951133,0.005525543245997344,0.0613593521900226,-0.0033061686092526466,0.0007590029783141495,5.6310535325417744e-05,0.000659003093667195,9.999987421880225e-05,0.016327830951438003,1.042815222729662e-11,0.016327830951438003,0.0475786868695231,0.04199683308820034,0.044216207724945035,0.005581853781322762,-0.008888022390575408,pass
0.84,32.859,0.279321784518055,0.0646715285114361,-0.0049783353845059474,0.004294922056510271,0.006574966058628926,0.8289026148510377,0.005450006558554338,0.06124693144601708,-0.003424597065419012,0.0007590002245980226,5.5535585214422484e-05,0.000659003093667195,9.999712050283912e-05,0.01632738132878512,1.0427988496074694e-11,0.01632738132878512,0.04758514695805295,0.04207960481428419,0.04410501430741952,0.00550554214376876,-0.008930139209187771,pass
0.84,32.86,0.279321784518055,0.06467753907574161,-0.0047460065798058376,0.00442796210077584,0.006490872577817831,0.8289796529632368,0.005380801296988016,0.061135825228501944,-0.003541713847239669,0.000758997470313493,5.482528790977968e-05,0.000659003093667195,9.99943662183998e-05,0.016326931613312293,1.0427898128275473e-11,0.016326931613312293,0.04759160999211583,0.04215598340721803,0.04399507085696638,0.005435626584897796,-0.008977340432137465,pass
0.85,32.82,0.2773923680169612,0.06362490231278677,-0.011119978146324025,-0.003743288099536101,0.011733120632246668,0.826871669943879,0.009701785050838784,0.06686783818448175,0.0032429358716949824,0.0007176290893388326,9.613665868340028e-05,0.0006304701130108253,8.715896696313622e-05,0.014633730172576286,9.364871024978668e-12,0.014633730172576286,0.04827354305087165,0.038475621341349464,0.05142034226388323,0.009797921709522183,-0.006554985837827201,pass
0.85,32.821,0.27739236801696127,0.06363069957083664,-0.010956839157630158,-0.003571177997595876,0.011524132792392252,0.8269470113317717,0.009529847170859237,0.06673290214353353,0.0031022025726968883,0.0007176267098505849,9.44242930426818e-05,0.0006304701130108261,8.715658747501603e-05,0.014633330663629417,9.364742704093794e-12,0.014633330663629417,0.04827974219735664,0.03865547073345472,0.051287520477010844,0.009624271463901919,-0.006522068891205031,pass
0.85,32.822,0.27739236801696127,0.06363649968785139,-0.01079217101241802,-0.003400128465958158,0.011315115056697158,0.8270223898748817,0.009357853495898941,0.06659860809590362,0.002962108408052236,0.000717624329867001,9.271168244699165e-05,0.0006304701130108261,8.715420749144585e-05,0.014632931071497993,9.364729081888874e-12,0.014632931071497993,0.048285944286486394,0.03883537910814046,0.05115534101209164,0.009450565178345933,-0.006488456770293697,pass
0.85,32.823,0.27739236801696127,0.06364230266357014,-0.010625980902738972,-0.0032301536867917293,0.011106095757991083,0.8270978055698189,0.0091858274298827,0.06646497064846661,0.002822667984896471,0.0007176219493879346,9.09990590445932e-05,0.0006304701130108261,8.715182701251798e-05,0.014632531396197496,9.364590508799463e-12,0.014632531396197496,0.04829214931798471,0.03901532282905741,0.05102381824383659,0.009276826488927293,-0.006454158504030822,pass
0.85,32.824,0.27739236801696127,0.0636481084977528,-0.010458276162682462,-0.0030612677812258513,0.010897105153356262,0.8271732584134622,0.009013793976975831,0.06633200445851081,0.0026838959607580065,0.0007176195684136299,8.928667075033189e-05,0.0006304701130108261,8.71494460383514e-05,0.014632131637747904,9.36445250894372e-12,0.014632131637747904,0.04829835729159127,0.03919527664386511,0.05089296658159895,0.009103080647726162,-0.006419184686968156,pass
0.85,32.825,0.27739236801696127,0.0636539171901798,-0.010289064267774498,-0.0028934848078663706,0.010688175608575464,0.8272487484029586,0.008841779894905083,0.06619972423179943,0.0025458070416196216,0.0007176171869441972,8.757478275693078e-05,0.0006304701130108261,8.71470645690497e-05,0.014631731796166605,9.364321423671713e-12,0.014631731796166605,0.048304568207069,0.03937521352940698,0.05076280046593169,0.008929354677662014,-0.006383547636042392,pass
0.85,32.826,0.27739236801696127,0.0636597287406522,-0.010118352834352641,-0.0027268187613105573,0.010479341803638593,0.8273242755357227,0.008669813865786512,0.06606814472056573,0.0024084159799135224,0.000717614804979618,8.586367921883245e-05,0.0006304701130108261,8.714468260470759e-05,0.014631331871469493,9.36408431416328e-12,0.014631331871469493,0.0483107820642031,0.039555104519197755,0.05063333436489779,0.008755677545005345,-0.006347261565091822,pass
0.85,32.827,0.27739236801696127,0.06366554314899193,-0.009946149618931263,-0.0025612835706763882,0.010270640962061876,0.8273998398094402,0.00849792668675027,0.06593728072145609,0.0022717375724641553,0.0007176124225203293,8.415366513115171e-05,0.0006304701130108261,8.714230014544618e-05,0.014630931863676906,9.364057027078174e-12,0.014630931863676906,0.0483169988627947,0.03973491851091328,0.0505045827701277,0.008582080351881422,-0.006310342779417267,pass
0.85,32.828,0.27739236801696127,0.06367136041504146,-0.009772462517544845,-0.0023968930981306965,0.010062113107130406,0.8274754412220636,0.008326151482949042,0.06580714707340403,0.0021357866583625734,0.0007176100395662916,8.244506842922813e-05,0.0006304701130108261,8.713991719135613e-05,0.014630531772804076,9.364109298837943e-12,0.014630531772804076,0.048323218602671095,0.03991462205129283,0.05037656019260444,0.00840859655137827,-0.006272809893015697,pass
0.85,32.829,0.27739236801696127,0.0636771805386639,-0.009597299565079983,-0.002233661137444793,0.00985380134865807,0.8275510797718144,0.008154523945938947,0.06567775865546115,0.0020005781167972414,0.0007176076561173338,8.0738242338226e-05,0.0006304701130108261,8.713753374254863e-05,0.01463013159886966,9.36395914395261e-12,0.01463013159886966,0.04832944128367691,0.04009417909539974,0.05024928115813593,0.008235262188277174,-0.006234684071479932,pass
0.85,32.83,0.27739236801696127,0.06368300351974321,-0.00942066893459901,-0.0020716014125260933,0.009645752204348757,0.8276267554571839,0.00798308260082914,0.06554913038454104,0.0018661268647978263,0.0007176052721737641,7.903356800624412e-05,0.0006304701130108261,8.713514979912205e-05,0.014629731341890181,9.363815909213204e-12,0.014629731341890181,0.04833566690567926,0.040273550736843876,0.05012276020247084,0.008062116168835384,-0.006195989304037558,pass
0.85,32.831,0.27739236801696127,0.06368882935818401,-0.009242578936620654,-0.0019107275759825523,0.009438015960427485,0.8277024682769332,0.007811869106082919,0.06542127721312001,0.001732447854935995,0.0007176028877356331,7.733145745918782e-05,0.0006304701130108261,8.713276536117039e-05,0.014629331001881421,9.363636580313219e-12,0.014629331001881421,0.04834189546856696,0.04045269490502485,0.049997011866043765,0.007889200563542108,-0.006156752708606113,pass
0.85,32.832,0.27739236801696127,0.06369465805391158,-0.009063038018435677,-0.0017510532076822401,0.009230647076979206,0.8277782182300911,0.007640928590492646,0.06529421412686748,0.0015995560729558933,0.0007176005028032545,7.563235692195865e-05,0.0006304701130108261,8.713038042880779e-05,0.014628930578862534,9.363620613996087e-12,0.014628930578862534,0.048348126972245796,0.040631566024831194,0.04987205068827973,0.007716560947414605,-0.006117004874458712,pass
0.85,32.833,0.27739236801696127,0.06370048960687219,-0.008882054763349308,-0.001592591813323761,0.009023704644047366,0.8278540053159583,0.007470310032362826,0.06516795614221348,0.0014674665353412858,0.00071759811737634,7.393675055554978e-05,0.0006304701130108261,8.712799500212387e-05,0.014628530072848584,9.363390011097063e-12,0.014628530072848584,0.04835436141664727,0.0408101146337289,0.049747891201433005,0.007544246782918376,-0.00607678024757709,pass
0.85,32.834,0.2773923680169613,0.0637063240170326,-0.008699637889943022,-0.0014353568230109307,0.008817252895630038,0.8279298295341044,0.0073000666868380665,0.06504251830384981,0.0013361942868172078,0.0007175957314554217,7.224516466853186e-05,0.000630470113010827,8.712560908122022e-05,0.01462812948385659,9.363374566606397e-12,0.01462812948385659,0.0483605988017206,0.040988286950214,0.04962454792386927,0.007372311851506598,-0.00603611756468939,pass
0.85,32.835,0.27739236801696127,0.06371216128438044,-0.008515796251323005,-0.0012793615898486624,0.008611361789614174,0.8280056908843679,0.007130256568064731,0.0649179156821794,0.0012057543977989638,0.0007175933450402866,7.055817246881e-05,0.0006304701130108261,8.712322266618989e-05,0.01462772881190224,9.363270584560782e-12,0.01462772881190224,0.048366839127437916,0.04116602438690437,0.04950203535276807,0.007200814740533541,-0.005995060342734578,pass
0.85,32.836,0.27739236801696127,0.0637180014089242,-0.008330538834333396,-0.0011246193885248424,0.008406107662847462,0.8280815893668585,0.006960942993839655,0.06479416337068164,0.0010761619617574436,0.0007175909581311136,6.887639943103017e-05,0.0006304701130108261,8.712083575713359e-05,0.01462732805700239,9.363153847118431e-12,0.01462732805700239,0.04837308239379069,0.041343263000520006,0.049380367956117104,0.007029819393270685,-0.005953657431513241,pass
0.85,32.837,0.2773923680169612,0.06372384439069305,-0.008143874758769667,-0.0009711434139187623,0.008201573971922919,0.8281575249819565,0.006792195201544119,0.06467127648322851,0.0009474320925354635,0.0007175885707281049,6.720052936628129e-05,0.0006304701130108253,8.711844835414876e-05,0.014626927219173434,9.363130817248404e-12,0.014626927219173434,0.04837932860079151,0.041519932869881114,0.04925956016396069,0.006859395730910401,-0.005911963638374937,pass
0.85,32.838,0.27739236801696127,0.06372969022973701,-0.00795581327658049,-0.0008189467797152674,0.007997852131655124,0.8282334977303112,0.006624089045330549,0.0645492701513338,0.0008195799215967858,0.0007175861828312319,6.553131129224634e-05,0.0006304701130108261,8.7116060457321e-05,0.014626526298429693,9.363084751747236e-12,0.014626526298429693,0.04838557774847609,0.0416959573918533,0.04913962635878063,0.006689620356622795,-0.005870040435026009,pass
0.85,32.839,0.27739236801696127,0.06373553892612688,-0.007766363771026487,-0.0006680425170145649,0.007795042464826725,0.8283095076128432,0.006456707785861828,0.06442815952132526,0.0006926205951983816,0.0007175837944405614,6.386956721505769e-05,0.0006304701130108261,8.71136720667501e-05,0.014626125294787956,9.362985239820302e-12,0.014626125294787956,0.04839182983689836,0.041871252483821474,0.04902058086488168,0.006520577353076885,-0.0058279567578785035,pass
0.85,32.84,0.27739236801696127,0.06374139047995446,-0.007575535755871525,-0.0005184435729656961,0.0075932552786560125,0.8283855546307447,0.006290142985462291,0.0643079597514666,0.0005665692715121351,0.0007175814055561646,6.221620094945722e-05,0.0006304701130108261,8.711128318252982e-05,0.014625724208263982,9.362808757869135e-12,0.014625724208263982,0.04839808486613431,0.04204572567972256,0.04890243793669699,0.006352359186411748,-0.005785789914899613,pass
0.85,32.841,0.27739236801696127,0.06374724489133211,-0.007383338874513148,-0.0003701628094080313,0.007392612085140538,0.8284616387854771,0.006124495522960852,0.06418868600900968,0.0004414411176775629,0.0007175790161782505,6.0572208117820295e-05,0.0006304701130108261,8.710889380475113e-05,0.014625323038873012,9.362673145247268e-12,0.014625323038873012,0.04840434283628085,0.04221927510520218,0.04878521174584059,0.006185067731078672,-0.005743626613401109,pass
0.85,32.842,0.27739236801696127,0.06375310216039329,-0.007189782899125999,-0.00022321300150521118,0.007193246984540822,0.8285377600787734,0.005959876744264844,0.06407035346717109,0.0003172513067778021,0.0007175766263068205,5.893868748588704e-05,0.0006304701130108261,8.710650393350254e-05,0.014624921786629925,9.362491778828064e-12,0.014624921786629925,0.04841060374745654,0.04239178831570581,0.04866891636674845,0.006018815431750731,-0.005701564124972929,pass
0.85,32.843,0.27739236801696127,0.0637589622872922,-0.006994877729783982,-7.760683641315078e-05,0.006995308233072078,0.8286139185126391,0.00579640976620958,0.06395297730206226,0.000194015014770052,0.0007175742359422192,5.731685380782272e-05,0.0006304701130108261,8.710411356887843e-05,0.01462452045155057,9.362514616942547e-12,0.01462452045155057,0.04841686759979942,0.04256314097978202,0.04855356576076165,0.005853726620017403,-0.005659711605247351,pass
0.85,32.844,0.27739236801696127,0.06376482527220385,-0.006798633393567106,6.664308806488865e-05,0.006798960017628623,0.8286901140893478,0.0056342309526975776,0.06383657268953633,7.174741733247114e-05,0.0007175718450842119,5.5708052367624135e-05,0.0006304701130108261,8.710172271096305e-05,0.014624119033649075,9.362422753741944e-12,0.014624119033649075,0.04842313439347057,0.042733195388405365,0.048439173758435414,0.0056899390050652015,-0.00561819158773273,pass
0.85,32.845,0.27739236801696127,0.06377069111532428,-0.006601060043646691,0.00020952426479876996,0.006604384461656386,0.8287663468114472,0.00547349158322525,0.06372115480198273,-4.9536313341549953e-05,0.0007175694537329239,5.4113775414464234e-05,0.0006304701130108261,8.709933135985085e-05,0.01462371753294131,9.362246922778452e-12,0.01462371753294131,0.04842940412865005,0.04290179877001034,0.04832575403989404,0.005527605358639714,-0.005577141671981264,pass
0.85,32.846000000000004,0.27739236801696127,0.0637765598168704,-0.00640216795837887,0.0003510242786520605,0.006411783886836506,0.8288426166817562,0.005314359734363491,0.06360673880504991,-0.0001698210118204896,0.000717567061888591,5.253568069405395e-05,0.0006304701130108261,8.709693951562271e-05,0.014623315949440852,9.362142260595004e-12,0.014623315949440852,0.04843567680554096,0.04306878139048341,0.04821332011302641,0.005366895415057546,-0.005536716426878035,pass
0.85,32.847,0.27739236801696127,0.06378243137707985,-0.006201967540358082,0.0004911308077797074,0.006221383354367871,0.8289189237033641,0.00515702239404864,0.06349333985431259,-0.00028909152276726524,0.0007175646695512244,5.097561227092976e-05,0.0006304701130108261,8.709454717836263e-05,0.014622914283161804,9.362035700073019e-12,0.014622914283161804,0.04844195242436683,0.04323395441804726,0.048101885289328634,0.00520799800631957,-0.005497089529086835,pass
0.85,32.848,0.27739236801696127,0.06378830579621138,-0.006000469315468351,0.0006298316249413615,0.006033433506856066,0.8289952678796325,0.005001687826250096,0.06338097309185618,-0.00040733270435519553,0.000717562276720908,4.943562381379415e-05,0.0006304701130108261,8.709215434816992e-05,0.014622512534120837,9.361911934297843e-12,0.014622512534120837,0.048448230985369635,0.04339710753530575,0.04799146265720065,0.00505112345006389,-0.005458456154419086,pass
0.85,32.849000000000004,0.27739236801696127,0.06379418307454458,-0.00579768393192167,0.0007671145987698344,0.005848213725754944,0.8290716492141961,0.004848588198568749,0.06326965364282572,-0.0005245294317188648,0.0007175598833978072,4.791800446637224e-05,0.0006304701130108261,8.708976102511507e-05,0.014622110702329787,9.361865956059704e-12,0.014622110702329787,0.04845451248881699,0.04355800628578187,0.047882065052631755,0.004896506203035122,-0.005421035634753987,pass
0.85,32.85,0.27739236801696127,0.06380006321237999,-0.005593622159291894,0.0009029676950581122,0.005666035608716193,0.8291480677109594,0.004697982476548521,0.06315939661188871,-0.0006406666004912798,0.0007175574895819964,4.642530733947112e-05,0.0006304701130108261,8.708736720928754e-05,0.014621708787803684,9.361882825232198e-12,0.014621708787803684,0.04846079693499432,0.04371638915110633,0.04777370502716357,0.004744407783887992,-0.005385074384379272,pass
0.85,32.851,0.27739236801696127,0.06380594621003903,-0.005388294887502938,0.00103737897801645,0.005487246753948719,0.8292245233741002,0.004550159574179205,0.0630502170796513,-0.000755729130387725,0.0007175550952733777,4.496038051855889e-05,0.0006304701130108261,8.708497290076121e-05,0.014621306790554917,9.361790295182284e-12,0.014621306790554917,0.048467084324210735,0.043871964369512975,0.04766639481330445,0.0045951199546977635,-0.0053508490850854885,pass
0.85,32.852,0.27739236801696127,0.06381183206786421,-0.005181713125846052,0.001170336611543611,0.005312234812476256,0.8293010162080698,0.004405441728322444,0.06294213009899449,-0.0008697019688697211,0.0007175527004720909,4.35264002663985e-05,0.0006304701130108261,8.708257809962682e-05,0.014620904710598738,9.361637997249537e-12,0.014620904710598738,0.04847337465679338,0.04402440652820454,0.047560146287657264,0.004448968128588843,-0.005318670097458564,pass
0.85,32.853,0.27739236801696127,0.06381772078621885,-0.004973888001952137,0.0013018288604538875,0.005141431730352363,0.8293775462175904,0.0042641880325649025,0.06283515069137591,-0.0009825700948429411,0.0007175503051783158,4.212690578211881e-05,0.0006304701130108261,8.708018280596816e-05,0.014620502547949202,9.361521588603797e-12,0.014620502547949202,0.04847966793309133,0.04417335299474431,0.04745497093246627,0.004306314938347021,-0.005288885033189962,pass
0.85,32.854,0.27739236801696127,0.06382361236548734,-0.0047648307607656565,0.0014318440917132811,0.0049753180482973,0.8294541134076567,0.00412679802067155,0.06272929384305685,-0.0010943185224304847,0.0007175479093921884,4.076583443077852e-05,0.0006304701130108261,8.707778701985714e-05,0.01462010030261838,9.36150517431073e-12,0.01462010030261838,0.04848596415347677,0.044318400298374444,0.04735087979661551,0.004167563855102328,-0.005261882377532813,pass
0.85,32.855,0.27739236801696127,0.06382950680607495,-0.004554552763495261,0.001560370775676861,0.004814427051378879,0.8295307177835363,0.003993715127646795,0.0626245745012603,-0.0012049323048146515,0.0007175455131135576,3.944755574424835e-05,0.0006304701130108261,8.70753907413721e-05,0.014619697974619426,9.361359289915654e-12,0.014619697974619426,0.048492263318341965,0.04445910063495092,0.047247883457783066,0.004033162683391043,-0.005238094988205695,pass
0.85,32.856,0.27739236801696127,0.0638354041084081,-0.004343065486563768,0.0016873974872830657,0.004659348463108397,0.8296073593507706,0.0038654297747744283,0.06252100757029885,-0.001314396538109247,0.0007175431163426644,3.81769016892062e-05,0.0006304701130108261,8.707299397060124e-05,0.014619295563967169,9.361237013006042e-12,0.014619295563967169,0.048498565428098266,0.044594958751634634,0.047145991988299815,0.0039036066764636347,-0.005218003214572882,pass
0.85,32.857,0.27739236801696127,0.06384130427293397,-0.004130380520541411,0.001812912907261159,0.004510731254883408,0.8296840381151712,0.0037424817224039797,0.06241860790762556,-0.0014226963653084096,0.0007175407190795651,3.6959189686626225e-05,0.0006304701130108261,8.707059670761101e-05,0.014618893070672741,9.361128013349032e-12,0.014618893070672741,0.04850487048318167,0.04472542957109106,0.047045214928186634,0.003779440912090606,-0.005202137277399016,pass
0.85,32.858,0.27739236801696127,0.06384720730012103,-0.003916509569054047,0.0019369058233179076,0.004369284995613669,0.8297607540828259,0.0036254612127631747,0.062317390319838704,-0.0015298169802823239,0.0007175383213242903,3.580023367009246e-05,0.0006304701130108261,8.706819895247544e-05,0.014618490494748585,9.360988721906687e-12,0.014618490494748585,0.04851117848404815,0.044849917037614886,0.046945561270095734,0.003661261446433267,-0.005191078426715591,pass
0.85,32.859,0.27739236801696127,0.06385311319045855,-0.003701464447696945,0.0020593651313243646,0.004235779007653618,0.8298375072600945,0.003515008293015915,0.06221736955862295,-0.0016357436318356067,0.0007175359230770857,3.470633716983565e-05,0.0006304701130108261,8.70658007052706e-05,0.014618087836207468,9.360989023165836e-12,0.014618087836207468,0.048517489431174,0.04496777480098825,0.04684703946216856,0.0035497146301857506,-0.005185458262021357,pass
0.85,32.86,0.27739236801696127,0.06385902194445689,-0.0034852570829285137,0.0021802798364664658,0.004111038445381606,0.8299142976536086,0.003411809584025858,0.062118560316659605,-0.001740461627797285,0.0007175335243377869,3.3684261182126014e-05,0.0006304701130108261,8.706340196607772e-05,0.014617685095063032,9.360883001544102e-12,0.014617685095063032,0.04852380332505607,0.04507830947984809,0.04674965743607666,0.003445493845207984,-0.005185955473005269,pass
0.86,32.82,0.27547627896915267,0.06282052989785396,-0.00946811251254632,-0.0053158311848429006,0.010858324720507509,0.8278147859817846,0.008988681754627643,0.06726975716179401,0.00444922726394005,0.0006790777809506265,8.630720420902752e-05,0.0006031879257069104,7.588984683711719e-05,0.01310202946562038,8.40659887791789e-12,0.01310202946562038,0.04903942265128296,0.03996443369244629,0.05340234271101398,0.00907498895883667,-0.00462576169489662,pass
0.86,32.821,0.2754762789691527,0.06282622661561472,-0.009315165208732356,-0.0051583592499792365,0.010648050197938779,0.8278898542309953,0.008815412726215856,0.06714789516116239,0.004321668545547663,0.0006790757084634038,8.463584084253887e-05,0.0006031879257069111,7.588777434991977e-05,0.013101671660334687,8.406572961594698e-12,0.013101671660334687,0.04904547924681663,0.04014543067975824,0.053282511951521755,0.008900048567058396,-0.004578380021510732,pass
0.86,32.822,0.27547627896915267,0.06283192620080921,-0.009160823981526936,-0.005001879560052231,0.010437408450079327,0.8279649602656889,0.008641808472646695,0.06702665342986074,0.004194727229051523,0.0006790736355471988,8.296155859224682e-05,0.0006031879257069104,7.588570143384751e-05,0.013101313781005774,8.406441067328428e-12,0.013101313781005774,0.049051538784256235,0.04032676875301729,0.05316330445471551,0.008724770031238942,-0.004530042802187419,pass
0.86,32.823,0.27547627896915267,0.06283762865319856,-0.009005095448512081,-0.004846404945885856,0.010226406257152112,0.8280401040827169,0.008467874501564382,0.06690604488654613,0.004068416233347569,0.0006790715622023105,8.128441135063527e-05,0.0006031879257069104,7.588362808901067e-05,0.013100955827652635,8.406389366943492e-12,0.013100955827652635,0.04905760126334361,0.040508442350428595,0.053044733085340544,0.008549158912915017,-0.0044807426795674486,pass
0.86,32.824,0.27547627896915267,0.06284333397256375,-0.008847986355180035,-0.004691948182943319,0.01001505068848267,0.8281152856791938,0.008293616561984433,0.06678608248280067,0.003942748510236918,0.0006790694884286632,7.960445530811455e-05,0.0006031879257069104,7.588155431549418e-05,0.013100597800289942,8.406258641776849e-12,0.013100597800289942,0.049063666683845146,0.0406904456665526,0.05292681073877395,0.008373221017292548,-0.00443047250705563,pass
0.86,32.825,0.2754762789691526,0.0628490421587056,-0.008689503574397095,-0.004538521989987813,0.009803349132978117,0.8281905050524951,0.008119040669647087,0.06666677920131824,0.0038177370426126372,0.0006790674142264845,7.792174919528364e-05,0.0006031879257069095,7.587948011340016e-05,0.013100239698935352,8.40617484504392e-12,0.013100239698935352,0.04906973504554376,0.04087277262670139,0.05280955033896111,0.00819696241884237,-0.004379225376229734,pass
0.86,32.826,0.27547627896915267,0.06285475321144471,-0.008529654105840893,-0.004386139027748648,0.009591309333768162,0.8282657622002562,0.007944153135831918,0.06654814805404438,0.003693394842599673,0.0006790653395958087,7.623635455827386e-05,0.0006031879257069104,7.587740548282836e-05,0.013099881523606029,8.40607001595395e-12,0.013099881523606029,0.04907580634824287,0.04105541685785268,0.05269296483628427,0.008020389490390191,-0.004326994647790518,pass
0.86,32.827,0.27547627896915267,0.06286046713062172,-0.008368445075421348,-0.004234811897601035,0.00937893942769688,0.8283410571203774,0.007768960600206422,0.06643020208027751,0.0035697349496557895,0.0006790632645367851,7.45483360726479e-05,0.0006031879257069104,7.58753304238713e-05,0.01309952327431799,8.406003424869317e-12,0.01309952327431799,0.049081880591766956,0.04123837165548788,0.052577067205350096,0.00784350893627907,-0.004273773986623281,pass
0.86,32.828,0.27547627896915267,0.06286618391609704,-0.008205883734700818,-0.004084553140243944,0.009166247990475936,0.8284163898110191,0.007593470068382583,0.06631295434471653,0.003446770428619489,0.0006790611890494155,7.285776190230004e-05,0.0006031879257069104,7.587325493662469e-05,0.013099164951087759,8.405880365641192e-12,0.013099164951087759,0.04908795777595986,0.04142162994567498,0.05246187044267705,0.007666327830284883,-0.004219557401665394,pass
0.86,32.829,0.27547627896915267,0.06287190356775092,-0.008041977460282193,-0.003935375234400892,0.008953244088442062,0.828491760270604,0.007417688954965743,0.06619641793547523,0.00332451436772431,0.000679059113133907,7.116470411084931e-05,0.0006031879257069104,7.587117902118096e-05,0.013098806553931284,8.405815609589317e-12,0.013098806553931284,0.049094037900685734,0.04160518424160914,0.05234738756429919,0.007488853659076592,-0.004164339291352282,pass
0.86,32.83,0.27547627896915267,0.06287762608548364,-0.007876733753206962,-0.003787290595500048,0.00873993733808618,0.828567168497817,0.0072416251330664145,0.06608060596202942,0.003202979876545775,0.0006790570367902371,6.946923913480569e-05,0.0006031879257069104,7.586910267763213e-05,0.013098448082864455,8.405694663430052e-12,0.013098448082864455,0.04910012096582895,0.04178902659362773,0.05223363160323992,0.00731109437220122,-0.004108114495655445,pass
0.86,32.831,0.27547627896915267,0.06288335146921535,-0.007710160238305111,-0.0036403115743804454,0.00852633797470575,0.8286426144916067,0.0070652869913992436,0.06596553155313065,0.003082180083915295,0.0006790549600186549,6.777144832925209e-05,0.0006031879257069104,7.58670259060779e-05,0.013098089537904468,8.405666569812775e-12,0.013098089537904468,0.049106206971292234,0.04197314853156374,0.05212061560687828,0.007133058439728496,-0.004050878355813201,pass
0.86,32.832,0.2754762789691526,0.06288907971888608,-0.007542264663578341,-0.003494450456007824,0.008312456931915846,0.8287180982511824,0.0068886835004121575,0.06585120785467755,0.0029621281357914697,0.000679052882819046,6.607141859983672e-05,0.0006031879257069095,7.586494870660342e-05,0.013097730919066068,8.405533095448206e-12,0.013097730919066068,0.04911229591700096,0.04215754099798897,0.052008352634192595,0.006954754919011995,-0.003992626783220525,pass
0.86,32.833,0.27547627896915267,0.06289481083445592,-0.007373054899518112,-0.003349719458178336,0.008098305933947334,0.8287936197760181,0.006711824289049818,0.06573764802752269,0.0028428371930667717,0.0006790508051915548,6.436924313640383e-05,0.0006031879257069104,7.586287107929469e-05,0.013097372226364038,8.405349742970322e-12,0.013097372226364038,0.04911838780290033,0.042342194270714104,0.0518968557528307,0.006776193532186222,-0.00393335633911945,pass
0.86,32.834,0.27547627896915267,0.06290054481590483,-0.0072025389384432915,-0.0032061307302435394,0.007883897603292661,0.82886917906585,0.00653471973428041,0.06562486524524407,0.002724320429339233,0.0006790487271363352,6.266502226861376e-05,0.0006031879257069104,7.586079302424845e-05,0.01309701345981513,8.405176357145124e-12,0.01309701345981513,0.04912448262895337,0.04252709787240435,0.05178613803602399,0.006597384756549024,-0.0038730643272097912,pass
0.86,32.835,0.27547627896915267,0.06290628166323269,-0.0070307248938223455,-0.003063696351846515,0.007669245586687839,0.8289447761206766,0.006357381065871438,0.0655128726918733,0.002606591028640609,0.000679046648653688,6.095886446730921e-05,0.0006031879257069104,7.585871454155044e-05,0.013096654619434126,8.405227267834958e-12,0.013096654619434126,0.04913058039514487,0.04271224046480612,0.05167621255931817,0.006418339930338747,-0.0038117489016981383,pass
0.86,32.836,0.27547627896915267,0.06291202137645946,-0.006857620999565557,-0.002922428331649531,0.00745436470313268,0.8290204109407608,0.006179820489493357,0.06540168355956248,0.0024896621831030225,0.0006790445697433316,5.92508875210511e-05,0.0006031879257069104,7.58566356312944e-05,0.013096295705237217,8.405126834388172e-12,0.013096295705237217,0.04913668110147891,0.042897609724464505,0.05156709239706088,0.006239071377014408,-0.0037494091939113856,pass
0.86,32.837,0.2754762789691526,0.06291776395562504,-0.006683235609314075,-0.002782338606080502,0.00723927111859265,0.8290960835266284,0.0060020513320126,0.06529131104621343,0.0023735470905883876,0.00067904249040552,5.754121992473325e-05,0.0006031879257069095,7.585455629356111e-05,0.013095936717238365,8.405049466469192e-12,0.013095936717238365,0.04914278474798115,0.04308319219604382,0.051458790618644806,0.0060595925519373334,-0.003686045461348946,pass
0.86,32.838,0.27547627896915267,0.06292350940078932,-0.006507577195727609,-0.002643439038089193,0.007023982553113863,0.8291717938790685,0.005824088213740701,0.06518176835306146,0.0022582589522721352,0.0006790404106402696,5.583000252583258e-05,0.0006031879257069104,7.585247652843529e-05,0.013095577655452143,8.404924037900582e-12,0.013095577655452143,0.04914889133469691,0.04326897311843038,0.05135132028444321,0.005879918216266534,-0.0036216592639943986,pass
0.86,32.839,0.27547627896915267,0.06292925771203214,-0.006330654349723016,-0.002505741415897218,0.006808518527477879,0.8292475419991331,0.005645947253566588,0.06507306868219959,0.0021438109701674424,0.0006790383304476044,5.411739048493988e-05,0.0006031879257069104,7.585039633601043e-05,0.01309521851989475,8.404683544923016e-12,0.01309521851989475,0.049155000861689786,0.04345493621763826,0.051244694441372286,0.005700064644051528,-0.0035562536738840854,pass
0.86,32.84,0.27547627896915267,0.06293500888945357,-0.006152475779747326,-0.0023692574517713656,0.006592900658522895,0.8293233278881411,0.005467646314562124,0.06496522523407047,0.002030216344616906,0.0006790362498279485,5.24035556231157e-05,0.0006031879257069104,7.58483157163648e-05,0.01309485931057967,8.404673352376619e-12,0.01309485931057967,0.04916111332904594,0.0436410634588607,0.05113892611803973,0.00552004987018524,-0.003489833525568334,pass
0.86,32.841,0.27547627896915267,0.06294076293317344,-0.005973050310995662,-0.002233998780800048,0.006377153014496475,0.8293991515476715,0.005289205299513052,0.06485825120490438,0.0019174882717309383,0.0006790341687810553,5.068868924640501e-05,0.0006031879257069104,7.584623466958374e-05,0.013094500027521641,8.404561228062221e-12,0.013094500027521641,0.049167228736870745,0.04382733474811129,0.05103402831935528,0.005339893988759457,-0.003422405717028519,pass
0.86,32.842,0.27547627896915267,0.06294651984333177,-0.005792386884641499,-0.0020999769596659786,0.0061613025451194015,0.8294750129795695,0.00511064650858397,0.06475215978410358,0.0018056399407718055,0.0006790320873072232,4.897300556419231e-05,0.0006031879257069104,7.584415319575402e-05,0.01309414067073565,8.404558852568665e-12,0.01309414067073565,0.0491733470852889,0.044013727571140734,0.05093001402049651,0.005159619514148162,-0.003353979573376357,pass
0.86,32.843,0.2754762789691527,0.06295227962008863,-0.0056104945570429445,-0.001967203465450074,0.005945379605129288,0.8295509121859445,0.004931995074726711,0.06464696415159789,0.0016946845315092551,0.000679030005406342,4.725674585057887e-05,0.0006031879257069111,7.584207129495079e-05,0.013093781240234645,8.404480095799567e-12,0.013093781240234645,0.04917946837444765,0.04420021655387036,0.05082689616010633,0.00497925182057729,-0.0032845672890680347,pass
0.86,32.844,0.27547627896915267,0.06295804226362411,-0.0054273824989443335,-0.0018356896944229516,0.00572941859563934,0.8296268491691686,0.004753279497071509,0.0645426774751373,0.0015846352115131829,0.0006790279230785397,4.554018354221148e-05,0.0006031879257069104,7.583998896725995e-05,0.013093421736033515,8.404369411377519e-12,0.013093421736033515,0.04918559260451206,0.04438677292389834,0.05072468763248303,0.00479881968061372,-0.003214184469100537,pass
0.86,32.845,0.27547627896915267,0.06296380777413832,-0.005243059994649523,-0.0017054469608563806,0.005513458755063696,0.8297028239318802,0.004574532298708298,0.06443931290754841,0.0014755051334100905,0.0006790258403239415,4.3823630524939034e-05,0.0006031879257069104,7.583790621276184e-05,0.01309306215814607,8.404269232711569e-12,0.01309306215814607,0.04919171977566831,0.04457336384643507,0.05062340127855346,0.004618355929233237,-0.003142850795823146,pass
0.86,32.846000000000004,0.2754762789691526,0.06296957615185163,-0.005057536441209638,-0.0015764864958416089,0.0052975451414532,0.8297788364769826,0.004395790843659328,0.06433688358394511,0.0013673074320934842,0.0006790237571426011,4.210744494189087e-05,0.0006031879257069095,7.583582303152522e-05,0.01309270250658423,8.404166338193636e-12,0.01309270250658423,0.0491978498881248,0.044759951599523576,0.05052304987527639,0.004437898288601219,-0.003070590856507735,pass
0.86,32.847,0.2754762789691527,0.06297534739700432,-0.004870821347565311,-0.0014488194461083532,0.005081729861702575,0.8298548868076413,0.004217098359170201,0.06423540261888624,0.0012600552218819255,0.0006790216735346222,4.039204096380886e-05,0.0006031879257069111,7.583373942365359e-05,0.013092342781365788,8.404057511209835e-12,0.013092342781365788,0.049203982942103916,0.044946492541969904,0.05042364612302203,0.00425749040013401,-0.0029974351782520847,pass
0.86,32.848,0.27547627896915267,0.06298112150985678,-0.004682924333700064,-0.0013224568728680056,0.0048660736221060215,0.8299309749272892,0.004038505225262416,0.06413488310350342,0.001153761593646635,0.0006790195895000714,3.8677901113610944e-05,0.0006031879257069104,7.583165538919674e-05,0.013091982982499428,8.403964246722803e-12,0.013091982982499428,0.04921011893785728,0.045132935811481256,0.05032520263039031,0.004077183126376027,-0.0029234215327293917,pass
0.86,32.849000000000004,0.27547627896915267,0.06298689849068966,-0.004493855129771467,-0.0011974097506502455,0.004650647700947214,0.8300071008396231,0.003860070615289656,0.064035338102572,0.0010484396118823486,0.0006790175050391463,3.696559194548891e-05,0.0006031879257069104,7.582957092824668e-05,0.013091623110000988,8.403989296932451e-12,0.013091623110000988,0.04921625787564952,0.04531922166841437,0.05022773189558638,0.0038970362072351453,-0.0028485965953527967,pass
0.86,32.85,0.27547627896915267,0.06299267833980353,-0.004303623575242958,-0.001073688966162019,0.004435536480905669,0.830083264548605,0.003681864602094609,0.06393678065155012,0.0009441023117465891,0.0006790154201515784,3.525578417369565e-05,0.0006031879257069104,7.582748604087461e-05,0.013091263163882767,8.403793390050698e-12,0.013091263163882767,0.04922239975576918,0.04550527936950088,0.050131246283342076,0.0037171203862683046,-0.0027730180745217155,pass
0.86,32.851,0.27547627896915267,0.06299846105751916,-0.004112239617973783,-0.0009513053171453174,0.0042208407316626055,0.8301594660584611,0.003503970888114833,0.0638392237535669,0.0008407626960477421,0.0006790133348378114,3.35492787642806e-05,0.0006031879257069104,7.58254007271605e-05,0.01309090314415857,8.403740477983629e-12,0.01309090314415857,0.049228544578522784,0.045691024411643674,0.05003575799580624,0.0035375201668791136,-0.0026967574708313714,pass
0.86,32.852,0.27547627896915267,0.06300424664417761,-0.0039197133133331745,-0.0008302695112483285,0.004006681909015223,0.8302357053736853,0.0033264903809392377,0.06374268037637355,0.0007384337321959394,0.0006790112490977521,3.184704110652443e-05,0.0006031879257069104,7.582331498717268e-05,0.013090543050840205,8.403669035073737e-12,0.013090543050840205,0.04923469234423966,0.0458763549221939,0.04994127903532908,0.0033583374220457624,-0.002619903689849823,pass
0.86,32.853,0.27547627896915267,0.06301003510013993,-0.0037260548232788964,-0.0007105921649147552,0.0037932078470495345,0.8303119824990357,0.003149545927514598,0.06364716344926029,0.0006371283491203583,0.0006790091629315192,3.0150246257075306e-05,0.0006031879257069104,7.582122882098903e-05,0.013090182883941108,8.403619854553644e-12,0.013090182883941108,0.04924084305326731,0.04606114687949563,0.04984782115613059,0.003179696173771673,-0.0025425678246513146,pass
0.86,32.854,0.27547627896915267,0.06301582642578725,-0.003531274415430873,-0.0005922838022674869,0.003580600382548307,0.8303882974395349,0.002973288655475636,0.06355268585992158,0.0005368594341343264,0.0006790070763390267,2.8460339542422057e-05,0.0006031879257069104,7.581914222867055e-05,0.013089822643471812,8.403445809711168e-12,0.013089822643471812,0.04924699670597641,0.04624524771095835,0.049755395800568314,0.0030017489950180582,-0.002464889560883732,pass
0.86,32.855,0.27547627896915267,0.063021620621521,-0.003335382462132537,-0.0004753548540066545,0.0033690856928741057,0.8304646502004727,0.002797906571428111,0.06345926045128723,0.0004376398297662315,0.0006790049893206253,2.677911872937686e-05,0.0006031879257069104,7.581705521030566e-05,0.01308946232944758,8.40340922274482e-12,0.01308946232944758,0.0492531533027528,0.046428467612595316,0.049664014013789656,0.002824685690157488,-0.0023870458603912565,pass
0.86,32.856,0.27547627896915267,0.06302741768776278,-0.0031383894394992873,-0.0003598156563291548,0.0031589484928533154,0.8305410407874045,0.0026236363690481956,0.06336690001832512,0.00033948233056234345,0.0006790029018762622,2.510884686875968e-05,0.0006031879257069104,7.581496776596271e-05,0.013089101941880217,8.403389089938448e-12,0.013089101941880217,0.0492593128440063,0.04661056762808935,0.04957368632769989,0.0026487452159169554,-0.002309262885354612,pass
0.86,32.857,0.2754762789691527,0.06303321762495427,-0.0029403059264633195,-0.00024567644984882113,0.002950551788938069,0.8306174692061503,0.0024507798596894183,0.06327561730480014,0.0002423996798458644,0.0006790008140058432,2.3452409311009008e-05,0.0006031879257069111,7.581287989569145e-05,0.013088741480778295,8.403240683803446e-12,0.013088741480778295,0.04926547533017014,0.04679124306116971,0.04948442260070499,0.0024742322690004272,-0.002231832589154563,pass
0.86,32.858,0.27547627896915267,0.06303902043355745,-0.002741142603792683,-0.00013294737852151753,0.0027443647315513794,0.8306939354627986,0.002279727139197722,0.063185424999994,0.00014640456643653932,0.0006789987257098044,2.1813535090060127e-05,0.0006031879257069104,7.58107915995875e-05,0.013088380946158369,8.40330661189257e-12,0.013088380946158369,0.04927164076168928,0.046970100087401497,0.04939623179303576,0.002301540674287782,-0.002155136107851243,pass
0.86,32.859,0.27547627896915267,0.06304482611405444,-0.0025409102531094626,-2.163848858713514e-05,0.0025410023885358963,0.8307704395637019,0.002110989671256383,0.06309633573539637,5.150962134192749e-05,0.0006789966369876632,2.0197113061907404e-05,0.0006031879257069104,7.580870287769698e-05,0.01308802033802835,8.403055765233426e-12,0.01308802033802835,0.04927780913903843,0.04714662235472014,0.04930912164731845,0.0021311867843182906,-0.002079677162976363,pass
0.86,32.86,0.27547627896915267,0.06305063466694757,-0.002339619755899377,8.824027246552067e-05,0.002341283184042343,0.8308469815154793,0.001945248066334531,0.06300836208137418,-4.227258557339131e-05,0.0006789945478400107,1.8609648456604647e-05,0.0006031879257069104,7.580661373009988e-05,0.013087659656402075,8.403000436659746e-12,0.013087659656402075,0.04928398046270549,0.047320122747914355,0.049223098228675495,0.001963857714791136,-0.002006130300364527,pass
