sigma,t,r,main_base,main_seeded_oriented,seed_prefix_norm_tax,defect,tail_without_tilt,tilt_tail_upper,tail_upper,surplus_no_tilt,surplus_tilt_norm_only,surplus_tilt_oriented,oriented_gain_vs_no_tilt,norm_tax_total,coverage_no_tilt,coverage_norm_only,coverage_oriented,seed_abs,horizontal_delta_abs,vertical_rectangular_residual_abs,target_rect_abs,central_ref_abs
0.84,32.82,0.27932178451805495,0.06443933805174411,0.06643330286212154,0.010811103610893718,0.016344847686100027,0.0007591071973864862,0.00011056213395324759,0.0008696693313397339,0.0473353831682576,0.03641371742341063,0.04921878584468178,0.0018834026764241799,0.010921665744846966,0.26542722815917535,0.4349147814930874,0.25912481053617775,0.013089666297842539,0.07595115580554003,0.005091473944649628,0.06887635219793765,0.06887635220187889
0.84,32.821,0.279321784518055,0.0644452375671126,0.06628381614947887,0.01064641135224921,0.016344401601976206,0.0007591044653421635,0.00010886790525489755,0.000867972370597061,0.047341731499794225,0.03658645224229012,0.0490714421769056,0.0017297106771113763,0.010755279257504108,0.26539596583078706,0.43228617624088406,0.25967687095379455,0.012889083263663682,0.07594908294408295,0.005009447670238697,0.06883251299758734,0.06883251300141985
0.84,32.822,0.279321784518055,0.06445113993023564,0.06613498829539431,0.010482097455134887,0.016343955424411732,0.0007591017327253773,0.00010717785067156483,0.0008662795833969422,0.04734808277309853,0.03675880746729208,0.04892475328758564,0.001576670514487108,0.010589275305806452,0.2653646960418405,0.4296639670441639,0.26022889625289625,0.012688994411088539,0.0759470096484263,0.0049294485834636284,0.06878910517784922,0.06878910518157233
0.84,32.823,0.279321784518055,0.06445704514082883,0.06598683579475033,0.010318206023494996,0.016343509153424716,0.0007590989995365345,0.00010549242019584227,0.0008645914197323768,0.04735443698786757,0.036930738544176736,0.048778735221593233,0.0014242982337256613,0.010423698443690838,0.26533341879998773,0.42704884371462115,0.2607808112921533,0.012489453015616278,0.07594493591865421,0.0048515829415277925,0.06874613042041598,0.06874613042402933
0.84,32.824,0.279321784518055,0.06446295319862931,0.0658393752161756,0.010154783775155217,0.016343062789035533,0.0007590962657757965,0.00010381209037582568,0.0008629083561516221,0.047360794143817976,0.03710219827828694,0.048633404070988435,0.0012726099271704594,0.010258595865531041,0.26530213411282216,0.424441536769745,0.2613325398166893,0.012290515496703774,0.07594286175486145,0.004775961156059189,0.06870359040186923,0.06870359040537247
0.84,32.825,0.27932178451805495,0.06446886410339564,0.06569262320004171,0.009991880232428568,0.01634261633126208,0.000759093531442959,0.00010213736625112477,0.0008612308976940838,0.0473671542406906,0.03727313664201091,0.04848877597108555,0.0011216217303949491,0.010094017598679693,0.26527084198780343,0.42184282040037224,0.261884004488121,0.012092241646973723,0.07594078715713112,0.004702697622664983,0.06866148679354538,0.06866148679693772
0.84,32.826,0.279321784518055,0.06447477785490785,0.06554659645638966,0.009829547927401663,0.016342169780125204,0.0007590907965385362,0.0001004687834378413,0.0008595595799763776,0.04737351727824411,0.03744350056740461,0.04834486709628808,0.0009713498180439692,0.009930016710839505,0.26523954243235887,0.4192535156667564,0.26243512691839715,0.011894694879059193,0.0759387121255601,0.00463191047733697,0.06861982126141368,0.06861982126469506
0.84,32.827,0.27932178451805495,0.06448069445296753,0.06540131176276724,0.009667842622883243,0.016341723135640605,0.0007590880610622044,9.880691037244879e-05,0.0008578949714346532,0.04737988325626472,0.03761323372300903,0.048201693655691984,0.0008218103994272613,0.009766649533255692,0.26520823545373273,0.4166744939379605,0.2629858277073113,0.011697942491261054,0.0759366366602214,0.004563721270411837,0.06857859546594468,0.06857859546911423
0.84,32.828,0.279321784518055,0.06448661389739788,0.06525678596200309,0.009506823550058077,0.01634127639782878,0.0007590853250144167,9.715235072513586e-05,0.0008562376757395526,0.04738625217455468,0.03778227627377147,0.04805927188843476,0.000673019713880077,0.009603975900783213,0.265176921059166,0.41410668059133376,0.2635360264843857,0.011502055953268201,0.07593456076121015,0.004498254549155126,0.06853781106198437,0.06853781106504195
0.84,32.829,0.279321784518055,0.06449253618804338,0.06511303595989947,0.0093465536638031,0.016340829566706908,0.0007590825883950098,9.550574599227226e-05,0.0008545883343872821,0.04739262403294146,0.03795056462314609,0.047917618058805275,0.0005249940258638119,0.009442059409795372,0.26514559925575026,0.41155105898623434,0.2640856419547718,0.011307111213084852,0.0759324844286063,0.004435637340716856,0.06849746969863629,0.06849746970158128
0.84,32.83,0.279321784518055,0.0644984613247703,0.06497007872283014,0.009187099916700156,0.01634038264229412,0.0007590798512042646,9.386777827845483e-05,0.0008529476294827194,0.04739899883127192,0.03811803113629331,0.0477767484510533,0.0003777496197813826,0.00928096769497861,0.2651142700505233,0.40900867472858193,0.26463459195002015,0.011113189026402234,0.07593040766249866,0.004375998528507083,0.0684575730191189,0.06845757302195096
0.84,32.831,0.279321784518055,0.06450438930746638,0.06482793127526991,0.009028533552607883,0.016339935624608285,0.0007590771134423675,9.22391732768172e-05,0.0008513162867191847,0.04740537656941573,0.03828460384353103,0.04763667936394244,0.00023130279452671099,0.0091207727258847,0.26508293345041317,0.406480640239166,0.26518279348342344,0.010920375309443332,0.07592833046297029,0.004319468116980497,0.06841812266064819,0.068418122663367
0.84,32.832,0.27932178451805495,0.06451032013604081,0.06468661069724202,0.008870930420707432,0.01633948851366746,0.000759074375109339,9.062070345681912e-05,0.0008496950785661581,0.04741175724726402,0.03845020612309977,0.04749742710500841,8.566985774438596e-05,0.00896155112416425,0.2650515894622591,0.403968139640059,0.26573016281043915,0.010728761516371452,0.07592625283010511,0.004266176382365541,0.06837912025430408,0.06837912025690923
0.84,32.833,0.279321784518055,0.06451625381042463,0.0645461341216771,0.008714371310628032,0.01633904130948883,0.0007590716362052901,8.901319146556822e-05,0.0008480848276708583,0.04741814086473051,0.03861475636263691,0.047359007984517414,-5.913288021309332e-05,0.0088033845020936,0.26502023809279796,0.401472433968299,0.2662766154942745,0.010538445041979292,0.07592417476398297,0.004216252910234345,0.06834056742490709,0.06834056742739822
0.84,32.834,0.279321784518055,0.06452219033057029,0.06440651873168132,0.008558942309199173,0.016338594012090455,0.0007590688967302002,8.741751374811781e-05,0.000846486410478318,0.047424527421749636,0.03877816759880234,0.04722143830911255,-0.00020308911263708374,0.008646359822947291,0.26498887934868925,0.39899486672526296,0.26682206647687506,0.010349529650303141,0.0759220962646878,0.00416982552481976,0.06830246579088411,0.06830246579326087
0.84,32.835,0.279321784518055,0.06452812969645184,0.06426778175773458,0.008404735179041476,0.016338146621489223,0.0007590661566843446,8.583460438876467e-05,0.0008449007610731093,0.04743091691827828,0.03894034713484804,0.04708473437517225,-0.0003461825431060328,0.00849056978343024,0.26495751323648975,0.3965368697647343,0.2673664301552522,0.010162125929401498,0.07592001733229803,0.004127019119696298,0.06826481696414383,0.06826481696640581
0.84,32.836,0.279321784518055,0.06453407190806504,0.06412994047478841,0.00825184775879249,0.016337699137703134,0.0007590634160678329,8.426545917111665e-05,0.0008433288752389495,0.04743730935429407,0.039101196136330466,0.04694891246184633,-0.0004883968924477428,0.008336113217963606,0.26492613976268137,0.3940999695163531,0.26790962046341693,0.009976351772034445,0.07591793796689737,0.00408795440458438,0.06822762254994623,0.06822762255209296
0.84,32.837,0.279321784518055,0.06454001696542726,0.06399301219928122,0.00810038438435349,0.01633725156074897,0.0007590606748805592,8.271113985051999e-05,0.0008417718147310792,0.047443704729797725,0.03926060920559372,0.04681398882380117,-0.0006297159059965585,0.00818309552420401,0.2648947589336344,0.3916857935345011,0.2684515509597,0.009792332881484601,0.07591585816856376,0.004052746588512038,0.06819088414677377,0.06819088414880514
0.84,32.838,0.27932178451805506,0.06454596486857746,0.06385701428607042,0.007950456329875965,0.01633680389064294,0.0007590579331228074,8.117277862562181e-05,0.0008402307117484292,0.04745010304481171,0.03941847393631012,0.046679979683679054,-0.0007701233611326561,0.008031629108501586,0.26486337075562766,0.3892960773524668,0.26899213491944163,0.009610203300954133,0.0759137779373725,0.004021504024967121,0.06815460334620137,0.06815460334811697
0.84,32.839,0.279321784518055,0.06455191561757628,0.063721964125263,0.007802182266356958,0.016336356127401884,0.0007590551907947095,7.965158278718197e-05,0.0008387067735818914,0.04745650429937969,0.03957467045023555,0.04654690122427922,-0.0009096030751004694,0.00788183384914414,0.2648319752348578,0.38693267160827516,0.26953128543278226,0.009430105963946661,0.07591169727340193,0.00399432684970797,0.06811878173276863,0.0681187817345683
0.84,32.84,0.279321784518055,0.06455786921250614,0.0635878791389674,0.007655688734852359,0.016335908271044097,0.0007590524478964421,7.814883951348658e-05,0.0008372012874099287,0.047462908493565596,0.03972907091919975,0.04641476958051336,-0.001048138913052235,0.007733837574365846,0.2648005723774555,0.38459754939521074,0.2700689155070458,0.009252193262005525,0.07590961617673694,0.003971305646056314,0.06808342088384849,0.06808342088553195
0.84,32.841,0.27932178451805495,0.06456382565347098,0.06345477677795831,0.0075111106298992435,0.016335460321584425,0.0007590497044277153,7.666592076725931e-05,0.0008357156251949746,0.04746931562745884,0.03988153907679234,0.04628360083117892,-0.0011857147962799214,0.007587776550666503,0.26476916218940216,0.3822928137677931,0.27060493817297593,0.009076627624468744,0.07590753464744666,0.003952520175475124,0.06804852236952083,0.06804852237108758
0.84,32.842,0.279321784518055,0.06456978494059651,0.06332267451823417,0.00736859168741156,0.016335012279040256,0.0007590469603890574,7.520428823546481e-05,0.0008342512486245223,0.04747572570116719,0.040031929725520166,0.04615341099056939,-0.0013223147105978009,0.0074437959756470246,0.26473774467664185,0.3800207053136524,0.27113926659431886,0.008903582103301867,0.07590545268561176,0.003938038212476621,0.06801408775243732,0.06801408775388727
0.84,32.843,0.279321784518055,0.06457574707403017,0.06319158985750459,0.007228284969377213,0.01633456414342802,0.0007590442157804025,7.376549823367584e-05,0.0008328097140140783,0.04748213871482176,0.040180088247210866,0.04602421600006249,-0.001457922714759266,0.007302050467610888,0.26470631984500564,0.37778360967085556,0.27167181417897673,0.008733240953735654,0.07590337029130859,0.003927914522283102,0.06798011858770045,0.06798011858903352
0.84,32.844,0.279321784518055,0.06458171205394099,0.06306154031157019,0.007090353335617715,0.016334115914760507,0.000759041470601823,7.235120647564894e-05,0.000831392677077472,0.04748855466857866,0.0403258501264853,0.04589603171973221,-0.0015925229488464518,0.007162704542093364,0.2646748877001821,0.3755840648386081,0.27220249469054825,0.008565800198945326,0.07590128746459669,0.003922190016799774,0.06794661642272377,0.06794661642393965
0.84,32.845,0.279321784518055,0.06458767988051983,0.06293254341062003,0.006954969890310013,0.016333667593057637,0.0007590387248533596,7.096317258268423e-05,0.0008300018974360438,0.04749497356260883,0.040469040499716134,0.045768873920126345,-0.0017260996424824857,0.007025933062892698,0.26464344824788005,0.37342476808921676,0.2727312223582762,0.008401468163922501,0.07589920420556859,0.003920891119580314,0.06791358279711478,0.06791358279821312
0.84,32.846000000000004,0.279321784518055,0.06459365055397936,0.06280461669543222,0.0068223183881314245,0.016333219178332355,0.0007590359785352864,6.960326417848238e-05,0.0008286392427137687,0.04750139539711172,0.04060947374480181,0.04564275827438609,-0.0018586371227256315,0.006891921652309907,0.26461200149361513,0.37130858224423385,0.2732579119823576,0.008240465960273275,0.07589712051428434,0.003924029363461951,0.06788101924253158,0.06788101924351223
0.84,32.847,0.279321784518055,0.06459962407455382,0.06267777771349291,0.006692593581563057,0.016332770670601602,0.0007590332316475371,6.827346038139823e-05,0.0008273066920289353,0.047507820172304684,0.040746953130360225,0.045517700350862375,-0.0019901198214423085,0.006760867041944456,0.26458054744287135,0.3692385410271963,0.2737824790322203,0.008083027899672924,0.07589503639082275,0.003931601236180484,0.06784892728256801,0.06784892728343082
0.84,32.848,0.279321784518055,0.06460560044249927,0.06255204401500483,0.006566001487378003,0.01633232206988083,0.0007590304841903515,6.697585447033601e-05,0.0008260063386606875,0.04751424788842809,0.04088127054657975,0.04539371560646331,-0.0021205322819647793,0.006632977341848339,0.26454908610102534,0.36721785314935373,0.2743048397335444,0.007929401809486435,0.07589295183525566,0.00394358827962114,0.06781730843261129,0.06781730843335637
0.84,32.849000000000004,0.279321784518055,0.06461157965809368,0.06242743314882505,0.006442759546418891,0.016331873376184376,0.0007590277361636747,6.571265546070032e-05,0.0008247403916243751,0.04752067854574563,0.04101220634386604,0.04527081938101629,-0.002249859164729341,0.0065084722018795916,0.26451761747334296,0.36524990472464675,0.2748249111397536,0.0077798492193484016,0.07589086684764959,0.003959957438565052,0.06778616419972316,0.06778616420035034
0.84,32.85,0.279321784518055,0.06461756172163656,0.06230396265830179,0.006323096646865517,0.016331424589526973,0.0007590249875676905,6.448618828719723e-05,0.0008235111758548877,0.047527112144541896,0.04113952930938918,0.045149026892919934,-0.0023780852516219614,0.0063875828351527145,0.26448614156501193,0.36333825954912174,0.27534261118295056,0.007634645382805213,0.07588878142807305,0.00398066164508625,0.06775549608250427,0.0677554960830133
0.84,32.851,0.279321784518055,0.0646235466334493,0.06218165007701731,0.006207252977251626,0.016330975709923992,0.0007590222384023924,6.329889225031213e-05,0.0008223211306527045,0.04753354868512291,0.04126299681562097,0.04502835323644061,-0.0025051954486823014,0.006270551869501938,0.2644546583811382,0.361486656718665,0.2758578586983598,0.00749407909339053,0.07588669557659752,0.0040056406161732205,0.0677253055709723,0.06772530557136278
0.84,32.852,0.279321784518055,0.0646295343938752,0.062060512924448766,0.006095479672104545,0.01633052673739032,0.0007590194886680371,6.21533173490272e-05,0.0008211728060170643,0.04753998816781684,0.04138235517836327,0.04490881338104138,-0.0026311747867754642,0.006157632989453572,0.264423167926735,0.3596990050065255,0.27637057341578086,0.007358452250448584,0.07588460929329209,0.004034821834937172,0.06769559414642469,0.06769559414669712
0.84,32.853,0.279321784518055,0.06463552500327929,0.061940568701534346,0.00598803821024653,0.01633007767193987,0.0007590167383645195,6.105211809372058e-05,0.0008200688564582401,0.047546430592974906,0.041497340264634655,0.04479042217313624,-0.002756008419838668,0.00604909032834025,0.2643916702067071,0.357979373378196,0.2768806759110896,0.007228079126631242,0.07588252257822141,0.004068121680626216,0.06766636328131913,0.06766636328147292
0.84,32.854,0.279321784518055,0.06464151846204834,0.061821834886157355,0.0058851995244691546,0.016329628513587817,0.0007590139874920431,5.999804437995842e-05,0.0008190120318720015,0.04755287596096848,0.04160767839211937,0.04467319434069754,-0.0028796816202709408,0.005945197568849113,0.2643601652258953,0.35633197700101,0.27738808751047933,0.007103285287428494,0.07588043543145612,0.004105446669501736,0.06763761443914423,0.06763761443917952
0.84,32.855,0.279321784518055,0.06464751477059102,0.06170432892852754,0.005787242781695587,0.016329179262347185,0.000759011236050707,5.899392900831952e-05,0.0008180051650590265,0.047559324272193136,0.041713087561489226,0.04455714450112133,-0.0030021797710718043,0.005846236710703907,0.2643286529890168,0.3547611581123759,0.27789273014001803,0.0069844061136161905,0.07587834785305655,0.004146694767678279,0.0676093490742844,0.06760934907420109
0.84,32.856,0.27932178451805506,0.06465351392933792,0.06158806824649229,0.005694453795743288,0.016328729918232948,0.0007590084840404932,5.804267146625856e-05,0.0008170511555067517,0.04756577552706448,0.041813279059854935,0.04444228717275259,-0.003123488354311893,0.005752496467209546,0.26429713350072864,0.35327136115827945,0.2783945261136881,0.006871784881159245,0.07587625984309243,0.004191756738091599,0.06758156863190067,0.06758156863169901
0.84,32.857,0.279321784518055,0.06465951593874121,0.06147307022075806,0.005607123041068038,0.01632828048125926,0.0007590057314616663,5.714721765218931e-05,0.0008161529491138555,0.047572229726020286,0.04190795946730006,0.04432863679038494,-0.0032435929356353435,0.005664270258720227,0.2642656067655922,0.3518671017116198,0.27889339785381057,0.0067657703607064065,0.07587417140162947,0.004240517486401967,0.06755427454780379,0.06755427454748356
0.84,32.858,0.279321784518055,0.06466552079927525,0.0613593521900226,0.005525543245997344,0.016327830951438003,0.0007590029783141496,5.6310535325417744e-05,0.0008153135136395673,0.0475786868695231,0.04199683308820034,0.044216207724945035,-0.0033624791445780663,0.005581853781322762,0.2642340727880391,0.35055292883884076,0.2793892675396457,0.006666713911059972,0.07587208252872289,0.004292857374697185,0.0675274682483237,0.0675274682478851
0.84,32.859,0.279321784518055,0.0646715285114361,0.06124693144601708,0.005450006558554338,0.01632738132878512,0.0007590002245980226,5.5535585214422484e-05,0.0008145358098124451,0.04758514695805295,0.04207960481428419,0.04410501430741952,-0.003480132650633433,0.00550554214376876,0.2642025315724786,0.3493333808115714,0.2798820566824056,0.006574966058628926,0.07586999322444679,0.0043486534766899836,0.06750115115018197,0.06750115114962467
0.84,32.86,0.279321784518055,0.06467753907574161,0.061135825228501944,0.005380801296988016,0.016326931613312293,0.000758997470313493,5.482528790977968e-05,0.0008138227582232726,0.04759160999211583,0.04215598340721803,0.04399507085696638,-0.00359653913514945,0.005435626584897796,0.26417098312316817,0.34821293435653716,0.28037168562737297,0.006490872577817831,0.07586790348885541,0.004407780753507777,0.06747532466037648,0.06747532465970087
0.85,32.82,0.2773923680169612,0.06362490231278677,0.06686783818448175,0.009701785050838784,0.014633730172576286,0.0007176290893388326,9.613665868340028e-05,0.0008137657480222328,0.04827354305087165,0.038475621341349464,0.05142034226388323,0.0031467992130115793,0.009797921709522183,0.24127910148209278,0.3952741781480586,0.2310153332306094,0.011733120632246668,0.0691222035465777,0.0060094158441789955,0.06915047705518834,0.06915047705867367
0.85,32.821,0.27739236801696127,0.06363069957083664,0.06673290214353353,0.009529847170859237,0.014633330663629417,0.0007176267098505849,9.44242930426818e-05,0.0008120510028932666,0.04827974219735664,0.03865547073345472,0.05128752047701085,0.003007778279654212,0.009624271463901919,0.2412508031031563,0.392502817128049,0.231450771214801,0.011524132792392252,0.06912031647209851,0.005943800171094403,0.06910954612957734,0.06910954613296526
0.85,32.822,0.27739236801696127,0.06363649968785139,0.06659860809590362,0.009357853495898941,0.014632931071497993,0.0007176243298670009,9.271168244699165e-05,0.0008103360123139926,0.048285944286486394,0.03883537910814046,0.05115534101209164,0.0028693967256052458,0.009450565178345933,0.24122249772791188,0.3897310615977456,0.23188573343114474,0.011315115056697158,0.06911842900469833,0.005880165419623672,0.06906902802849352,0.06906902803178375
0.85,32.823,0.27739236801696127,0.06364230266357014,0.06646497064846661,0.0091858274298827,0.014632531396197496,0.0007176219493879346,9.09990590445932e-05,0.0008086210084325278,0.04829214931798471,0.03901532282905741,0.05102381824383659,0.002731668925851881,0.009276826488927293,0.24119418536331652,0.3869592834297241,0.2323201568281481,0.011106095757991083,0.06911654114445029,0.005818581331193344,0.0690289242994062,0.06902892430259824
0.85,32.824,0.27739236801696127,0.0636481084977528,0.06633200445851081,0.009013793976975831,0.014632131637747904,0.0007176195684136299,8.928667075033189e-05,0.0008069062391639618,0.04829835729159127,0.03919527664386511,0.05089296658159895,0.0025946092900076753,0.009103080647726162,0.24116586601632445,0.3841878797505984,0.23275397755496202,0.010897105153356262,0.06911465289144872,0.005759118481740936,0.0689892364848397,0.0689892364879331
0.85,32.825,0.27739236801696127,0.0636539171901798,0.06619972423179943,0.008841779894905083,0.014631731796166605,0.0007176171869441972,8.757478275693078e-05,0.000805191969701128,0.048304568207069,0.03937521352940698,0.05076280046593169,0.002458232258862693,0.008929354677662014,0.24113753969376794,0.3814172753616239,0.23318713098887073,0.010688175608575464,0.0691127642457758,0.005701848068505466,0.0689499661222543,0.06894996612524856
0.85,32.826,0.27739236801696127,0.0636597287406522,0.06606814472056573,0.008669813865786512,0.014631331871469493,0.000717614804979618,8.586367921883245e-05,0.0008034784841984505,0.0483107820642031,0.039555104519197755,0.05063333436489779,0.00232255230069469,0.008755677545005345,0.2411092064023749,0.37864792543581144,0.23361955176657756,0.010479341803638593,0.06911087520750661,0.005646841670733906,0.06891111474393254,0.06891111474682714
0.85,32.827,0.27739236801696127,0.06366554314899193,0.06593728072145609,0.00849792668675027,0.014630931863676906,0.0007176124225203293,8.415366513115171e-05,0.0008017660876514811,0.0483169988627947,0.03973491851091328,0.050504582770127704,0.0021875839073330072,0.008582080351881422,0.24108086614887003,0.37588031852764564,0.23405117381958646,0.010270640962061876,0.06910898577673721,0.005594170984087681,0.06887268387687603,0.06887268387967083
0.85,32.828,0.27739236801696127,0.06367136041504146,0.06580714707340403,0.008326151482949042,0.014630531772804076,0.0007176100395662916,8.244506842922813e-05,0.0008000551079955197,0.048323218602671095,0.03991462205129283,0.05037656019260443,0.0020533415899333385,0.00840859655137827,0.24105251893981186,0.3731149799358841,0.23448193041384513,0.010062113107130406,0.06910709595353952,0.005543907528945505,0.06883467504268011,0.06883467504537484
0.85,32.829,0.27739236801696127,0.0636771805386639,0.06567775865546115,0.008154523945938947,0.01463013159886966,0.0007176076561173338,8.0738242338226e-05,0.0007983458984555598,0.04832944128367691,0.04009417909539974,0.05024928115813593,0.0019198398744590187,0.008235262188277174,0.24102416478173147,0.37035247546717137,0.23491175419461932,0.00985380134865807,0.06910520573800169,0.005496122333414496,0.06879708975743944,0.06879708976003361
0.85,32.83,0.27739236801696127,0.06368300351974321,0.06554913038454104,0.00798308260082914,0.014629731341890181,0.0007176052721737641,7.903356800624412e-05,0.0007966388401800082,0.04833566690567926,0.040273550736843876,0.05012276020247084,0.001787093296791581,0.008062116168835384,0.24099580368105464,0.3675934156535481,0.23534057723683105,0.009645752204348757,0.06910331513020175,0.005450885592323909,0.06875992953162112,0.0687599295341142
0.85,32.831,0.27739236801696127,0.06368882935818401,0.06542127721312001,0.007811869106082919,0.014629331001881421,0.0007176028877356331,7.733145745918782e-05,0.0007949343451948209,0.04834189546856696,0.04045269490502485,0.049997011866043765,0.0016551163974768066,0.007889200563542108,0.24096743564411227,0.3648384604854308,0.23576833110165815,0.009438015960427485,0.06910142413021424,0.005408266304236262,0.0687231958699592,0.06872319587235078
0.85,32.832,0.27739236801696127,0.06369465805391158,0.06529421412686748,0.007640928590492646,0.014628930578862534,0.0007176005028032545,7.563235692195865e-05,0.0007932328597252132,0.048348126972245796,0.040631566024831194,0.04987205068827973,0.001523923716033937,0.007716560947414605,0.24093906067721382,0.36208832473140273,0.23619494690023055,0.009230647076979206,0.06909953273812967,0.005368331889113401,0.06868689027134094,0.06868689027363098
0.85,32.833,0.27739236801696127,0.06370048960687219,0.06516795614221348,0.007470310032362826,0.014628530072848584,0.00071759811737634,7.393675055554978e-05,0.0007915348679318899,0.04835436141664727,0.0408101146337289,0.049747891201433005,0.001393529784785734,0.007544246782918376,0.240910678786515,0.3593437839239751,0.23662035536498752,0.009023704644047366,0.06909764095401916,0.005331147790010666,0.06865101422869348,0.06865101423088134
0.85,32.834,0.2773923680169613,0.0637063240170326,0.06504251830384981,0.0073000666868380665,0.01462812948385659,0.0007175957314554217,7.224516466853186e-05,0.0007898408961239536,0.0483605988017206,0.040988286950214,0.04962454792386927,0.0012639491221486734,0.007372311851506598,0.24088228997813715,0.35660568110545326,0.23704448693014346,0.008817252895630038,0.06909574877796311,0.00529677706288988,0.06861556922886951,0.0686155692309553
0.85,32.835,0.27739236801696127,0.06371216128438044,0.0649179156821794,0.007130256568064731,0.01462772881190224,0.0007175933450402866,7.055817246881e-05,0.0007881515175090966,0.048366839127437916,0.04116602438690437,0.049502035352768065,0.0011351962253301484,0.007200814740533541,0.24085389425808976,0.35387493443898344,0.23746727182190086,0.008611361789614174,0.06909385621003565,0.005265279959297941,0.06858055675253906,0.06858055675452225
0.85,32.836,0.27739236801696127,0.0637180014089242,0.06479416337068164,0.006960942993839655,0.01462732805700239,0.0007175909581311136,6.887639943103017e-05,0.0007864673575621437,0.04837308239379069,0.041343263000520006,0.049380367956117104,0.0010072855623264113,0.007029819393270685,0.24082549163232747,0.35115254580584565,0.2378886401601265,0.008406107662847462,0.06909196325031636,0.005236713507310262,0.06854597827407301,0.06854597827595321
0.85,32.837,0.2773923680169612,0.06372384439069305,0.06467127648322851,0.006792195201544119,0.014626927219173434,0.0007175885707281049,6.720052936628129e-05,0.0007847891000943862,0.04837932860079151,0.041519932869881114,0.04925956016396069,0.0008802315631691801,0.006859395730910401,0.24079708210671963,0.3484396105275603,0.23830852207261766,0.008201573971922919,0.06909006989888268,0.0052111310966682966,0.06851183526142918,0.06851183526320632
0.85,32.838,0.27739236801696127,0.06372969022973701,0.0645492701513338,0.006624089045330549,0.014626526298429693,0.0007175861828312318,6.553131129224634e-05,0.0007831174941234782,0.04838557774847609,0.0416959573918533,0.04913962635878063,0.0007540486103045363,0.006689620356622795,0.24076866568702046,0.345737328370106,0.23872684782377446,0.007997852131655124,0.06908817615580225,0.0051885820744788265,0.06847812917604197,0.06847812917771581
0.85,32.839,0.27739236801696127,0.06373553892612688,0.06442815952132526,0.006456707785861828,0.014626125294787956,0.0007175837944405614,6.386956721505769e-05,0.0007814533616556192,0.04839182983689836,0.041871252483821474,0.04902058086488169,0.0006287510279833278,0.006520577353076885,0.24074024237894576,0.34304701600856247,0.23914354795970505,0.007795042464826725,0.06908628202115445,0.005169111358118773,0.06844486147270726,0.06844486147427743
0.85,32.84,0.27739236801696127,0.06374139047995446,0.0643079597514666,0.006290142985462291,0.014625724208263982,0.0007175814055561646,6.221620094945722e-05,0.0007797976065056218,0.04839808486613431,0.04204572567972256,0.04890243793669699,0.0005043530705626798,0.006352359186411748,0.24071181218811574,0.3403701211547118,0.239558553471575,0.0075932552786560125,0.06908438749501357,0.0051527590720923,0.0684120335994694,0.0684120336009357
0.85,32.841,0.27739236801696127,0.06374724489133211,0.06418868600900968,0.006124495522960852,0.014625323038873012,0.0007175790161782505,6.0572208117820295e-05,0.0007781512242960708,0.04840434283628085,0.04221927510520218,0.04878521174584059,0.0003808689095597395,0.006185067731078672,0.24068337512006702,0.33770823857294496,0.2399717959798556,0.007392612085140538,0.06908249257745175,0.005139560215521499,0.06837964699751034,0.06837964699887242
0.85,32.842,0.27739236801696127,0.06375310216039329,0.06407035346717109,0.005959876744264844,0.014624921786629925,0.0007175766263068205,5.893868748588704e-05,0.0007765153137927075,0.04841060374745654,0.04239178831570581,0.04866891636674846,0.00025831261929191995,0.006018815431750731,0.24065493118024767,0.3350631282372048,0.24038320794209683,0.007193246984540822,0.06908059726853918,0.005129544366629045,0.06834770310103137,0.06834770310228905
0.85,32.843,0.27739236801696127,0.0637589622872922,0.06395297730206226,0.00579640976620958,0.01462452045155057,0.0007175742359422192,5.731685380782272e-05,0.0007748910897500419,0.04841686759979942,0.04256314097978202,0.04855356576076165,0.00013669816096222726,0.005853726620017403,0.24062648037404807,0.3324367359055141,0.24079272288710216,0.006995308233072078,0.06907870156835073,0.0051227354301102085,0.06831620333714576,0.06831620333829921
0.85,32.844,0.27739236801696127,0.06376482527220385,0.06383657268953633,0.0056342309526975776,0.014624119033649075,0.0007175718450842119,5.5708052367624135e-05,0.000773279897451836,0.04842313439347057,0.042733195388405365,0.048439173758435414,1.603936496484548e-05,0.0056899390050652015,0.2405980227067443,0.32983121641151153,0.2412002756787216,0.006798960017628623,0.06907680547695318,0.00511915143253727,0.06828514912576229,0.06828514912681108
0.85,32.845,0.27739236801696127,0.06377069111532428,0.06372115480198273,0.00547349158322525,0.01462371753294131,0.0007175694537329239,5.4113775414464234e-05,0.0007716832291473881,0.04842940412865005,0.04290179877001034,0.04832575403989403,-0.00010365008875602016,0.005527605358639714,0.24056955818356623,0.3272489599896949,0.2416058028127522,0.006604384461656386,0.06907490899442147,0.005118804370097271,0.06825454187947427,0.06825454188041805
0.85,32.846000000000004,0.27739236801696127,0.0637765598168704,0.06360673880504991,0.005314359734363491,0.014623315949440852,0.0007175670618885909,5.253568069405395e-05,0.0007701027425826449,0.04843567680554096,0.04306878139048341,0.04821332011302642,-0.0002223566925145387,0.005366895415057546,0.24054108680963093,0.32469262195778226,0.2420092427502567,0.006411783886836506,0.06907301212081969,0.00512170011185439,0.06822438300344402,0.06822438300428275
0.85,32.847,0.27739236801696127,0.06378243137707985,0.06349333985431259,0.00515702239404864,0.014622914283161804,0.0007175646695512244,5.097561227092976e-05,0.0007685402818221542,0.04844195242436683,0.04323395441804726,0.048101885289328634,-0.00034006713503819536,0.00520799800631957,0.24051260858998252,0.32216515606861407,0.2424105362908948,0.006221383354367871,0.06907111485621452,0.0051278383606117,0.06819467389529445,0.06819467389602815
0.85,32.848,0.27739236801696127,0.06378830579621138,0.06338097309185618,0.005001687826250096,0.014622512534120837,0.0007175622767209081,4.943562381379415e-05,0.0007669979005347022,0.048448230985369635,0.04339710753530575,0.04799146265720065,-0.00045676832816898827,0.00505112345006389,0.2404841235296274,0.3196698518071747,0.24280962698934858,0.006033433506856066,0.06906921720068468,0.005137212672132948,0.06816541594499116,0.06816541594561966
0.85,32.849000000000004,0.27739236801696127,0.06379418307454458,0.06326965364282572,0.004848588198568749,0.014622110702329787,0.0007175598833978072,4.791800446637224e-05,0.0007654778878641794,0.04845451248881699,0.04355800628578187,0.047882065052631755,-0.0005724474361852375,0.004896506203035122,0.24045563163341915,0.3172103758287241,0.24320646161682916,0.005848213725754944,0.06906731915428607,0.0051498105322543225,0.06813661053473587,0.06813661053525896
0.85,32.85,0.27739236801696127,0.06380006321237999,0.06315939661188871,0.004697982476548521,0.014621708787803684,0.0007175574895819964,4.642530733947112e-05,0.0007639827969214676,0.04846079693499432,0.04371638915110633,0.04777370502716356,-0.0006870919078307558,0.004744407783887992,0.24042713290618176,0.3147908175955626,0.24360099066920232,0.005666035608716193,0.06906542071708967,0.005165613490100191,0.06810825903884765,0.06810825903926523
0.85,32.851,0.27739236801696127,0.06380594621003903,0.0630502170796513,0.004550159574179205,0.014621306790554917,0.0007175550952733777,4.496038051855889e-05,0.0007625154757919365,0.048467084324210735,0.043871964369512975,0.04766639481330445,-0.0008006895109062828,0.0045951199546977635,0.24039862735261697,0.3124157390426679,0.24399316891982276,0.005487246753948719,0.06906352188915403,0.005184597344484177,0.06808036282366149,0.06808036282397352
0.85,32.852,0.27739236801696127,0.06381183206786421,0.06294213009899449,0.004405441728322444,0.014620904710598738,0.0007175527004720909,4.35264002663985e-05,0.0007610791007384894,0.04847337465679338,0.04402440652820454,0.047560146287657264,-0.0009132283691361195,0.004448968128588843,0.24037011497739638,0.3100902277592601,0.24438295601284327,0.005312234812476256,0.06906162267055115,0.005206732379408219,0.06805292324740031,0.06805292324760669
0.85,32.853,0.27739236801696127,0.06381772078621885,0.06283515069137591,0.0042641880325649025,0.014620502547949202,0.0007175503051783158,4.212690578211881e-05,0.0007596772109604346,0.04847966793309133,0.04417335299474431,0.04745497093246627,-0.0010246970006250605,0.004306314938347021,0.2403415957850958,0.3078199526630016,0.24477031708655644,0.005141431730352363,0.06905972306134746,0.00523198364376926,0.06802594166008044,0.0680259416601812
0.85,32.854,0.27739236801696127,0.06382361236548734,0.06272929384305685,0.00412679802067155,0.01462010030261838,0.0007175479093921884,4.076583443077852e-05,0.0007583137438229669,0.04848596415347677,0.044318400298374444,0.04735087979661551,-0.0011350843568612642,0.004167563855102328,0.24031306978018083,0.3056112204275726,0.2451552234099236,0.0049753180482973,0.06905782306159998,0.0052603112695123536,0.06799941940339406,0.06799941940338909
0.85,32.855,0.27739236801696127,0.06382950680607495,0.0626245745012603,0.003993715127646795,0.014619697974619426,0.0007175455131135576,3.944755574424835e-05,0.0007569930688578059,0.048492263318341965,0.04445910063495092,0.047247883457783066,-0.0012443798605588988,0.004033162683391043,0.24028453696705152,0.30347102994191477,0.24553765300501612,0.004814427051378879,0.06905592267137084,0.005291670822011015,0.06797335781058994,0.06797335781047929
0.85,32.856,0.27739236801696127,0.0638354041084081,0.06252100757029885,0.0038654297747744283,0.014619295563967169,0.0007175431163426644,3.81769016892062e-05,0.0007557200180318706,0.048498565428098266,0.044594958751634634,0.047145991988299815,-0.0013525734397984504,0.0039036066764636347,0.240255997350062,0.30140712078987536,0.24591759121462198,0.004659348463108397,0.06905402189073002,0.005326013676110179,0.06794775820637938,0.0679477582061629
0.85,32.857,0.27739236801696127,0.06384130427293397,0.06241860790762556,0.0037424817224039797,0.014618893070672741,0.0007175407190795651,3.6959189686626225e-05,0.0007544999087661914,0.04850487048318167,0.04472542957109106,0.04704521492818663,-0.0014596555549950402,0.003779440912090606,0.24022745093342823,0.29942801011894804,0.24629503115786078,0.004510731254883408,0.06905212071973019,0.005363287411091898,0.0679226219068108,0.06792262190648857
0.85,32.858,0.27739236801696127,0.06384720730012103,0.062317390319838704,0.0036254612127631747,0.014618490494748585,0.0007175383213242903,3.580023367009246e-05,0.0007533385549943828,0.04851117848404815,0.044849917037614886,0.046945561270095734,-0.0015656172139524166,0.003661261446433267,0.24019889772130731,0.29754301034980635,0.2466699739967987,0.004369284995613669,0.06905021915843007,0.005403436217975275,0.06789795021917285,0.06789795021874467
0.85,32.859,0.27739236801696127,0.06385311319045855,0.06221736955862295,0.003515008293015915,0.014618087836207468,0.0007175359230770857,3.470633716983565e-05,0.0007522422602469214,0.048517489431174,0.04496777480098825,0.04684703946216856,-0.0016704499690054428,0.0035497146301857506,0.24017033771778767,0.29576221809483055,0.24704242891483918,0.004235779007653618,0.06904831720688999,0.0054464013127161716,0.06787374444187085,0.06787374444133715
0.85,32.86,0.27739236801696127,0.06385902194445689,0.062118560316659605,0.003411809584025858,0.014617685095063032,0.0007175335243377869,3.3684261182126014e-05,0.0007512177855199129,0.04852380332505607,0.04507830947984809,0.04674965743607666,-0.0017741458889794087,0.003445493845207984,0.24014177092688702,0.29409646268844886,0.24741241268692366,0.004111038445381606,0.06904641486517436,0.005492121349359095,0.06785000586433251,0.0678500058636931
0.86,32.82,0.27547627896915267,0.06282052989785396,0.06726975716179401,0.008988681754627643,0.01310202946562038,0.0006790777809506264,8.630720420902752e-05,0.0007653849851596539,0.04903942265128296,0.03996443369244629,0.053402342711013975,0.004362920059731018,0.00907498895883667,0.21937266796346763,0.36383163660942747,0.2061463432583351,0.010858324720507509,0.06290729936957669,0.006960295696667597,0.0693868641747199,0.06938686417780464
0.86,32.821,0.2754762789691527,0.06282622661561472,0.06714789516116239,0.008815412726215856,0.013101671660334687,0.0006790757084634038,8.463584084253887e-05,0.0007637115493059427,0.04904547924681663,0.04014543067975824,0.05328251195152176,0.004237032704705129,0.008900048567058396,0.21934704837697586,0.3610084061648776,0.2064902135258622,0.010648050197938779,0.06290558142471309,0.006906878212476796,0.06934866028631953,0.0693486602893172
0.86,32.822,0.27547627896915267,0.06283192620080921,0.06702665342986074,0.008641808472646695,0.013101313781005774,0.0006790736355471988,8.296155859224682e-05,0.0007620351941394456,0.049051538784256235,0.04032676875301729,0.05316330445471551,0.004111765670459275,0.008724770031238942,0.21932142224179488,0.3581802884072981,0.20683337546685604,0.010437408450079327,0.06290386312434283,0.006855264877470688,0.06931085150303971,0.06931085150594977
0.86,32.823,0.27547627896915267,0.06283762865319856,0.06690604488654613,0.008467874501564382,0.013100955827652635,0.0006790715622023105,8.128441135063527e-05,0.0007603559735529457,0.04905760126334361,0.040508442350428595,0.053044733085340544,0.003987131821996934,0.008549158912915017,0.2192957895643555,0.355347373561866,0.20717577648941102,0.010226406257152112,0.06290214446855706,0.0068055006087473545,0.06927343925098119,0.06927343925380336
0.86,32.824,0.27547627896915267,0.06284333397256375,0.06678608248280067,0.008293616561984433,0.013100597800289942,0.0006790694884286632,7.960445530811455e-05,0.0007586739437367777,0.049063666683845146,0.0406904456665526,0.05292681073877395,0.0038631440549288035,0.008373221017292548,0.21927015035094344,0.3525097556995098,0.20751736333083887,0.01001505068848267,0.06290042545742627,0.00675763014736477,0.06923642495148256,0.06923642495421642
0.86,32.825,0.2754762789691526,0.0628490421587056,0.06666677920131824,0.008119040669647087,0.013100239698935352,0.0006790674142264845,7.792174919528364e-05,0.0007569891634217681,0.04906973504554376,0.04087277262670139,0.05280955033896111,0.0037398152934173534,0.00819696241884237,0.2192445046078269,0.34966753314251015,0.2078580820668042,0.009803349132978117,0.0628987060910352,0.006711697927048978,0.06919981002102063,0.06919981002366585
0.86,32.826,0.27547627896915267,0.06285475321144471,0.06654814805404438,0.007944153135831918,0.013099881523606029,0.0006790653395958087,7.623635455827386e-05,0.0007553016941540825,0.04907580634824287,0.04105541685785268,0.05269296483628427,0.0036171584880414012,0.008020389490390191,0.21921885234119323,0.34682080892527895,0.20819787812138943,0.009591309333768162,0.06289698636946629,0.006667747935464913,0.06916359587110783,0.06916359587366408
0.86,32.827,0.27547627896915267,0.06286046713062172,0.06643020208027751,0.007768960600206422,0.01309952327431799,0.0006790632645367851,7.45483360726479e-05,0.000753611600609433,0.049081880591766956,0.04123837165548788,0.052577067205350096,0.00349518661358314,0.00784350893627907,0.21919319355714273,0.3439696913197277,0.20853669627839783,0.00937893942769688,0.06289526629279646,0.006625823568617093,0.0691277839081961,0.06912778391066304
0.86,32.828,0.27547627896915267,0.06286618391609704,0.06631295434471653,0.007593470068382583,0.013099164951087759,0.0006790611890494155,7.285776190230004e-05,0.0007519189509517155,0.04908795777595986,0.04142162994567498,0.05246187044267705,0.003373912666717188,0.007666327830284883,0.21916752826171187,0.34111429443598096,0.20887448069402834,0.009166247990475936,0.06289354586110497,0.006585967479066056,0.0690923755335775,0.06909237553595476
0.86,32.829,0.27547627896915267,0.06287190356775092,0.06619641793547523,0.007417688954965743,0.013098806553931284,0.000679059113133907,7.116470411084931e-05,0.0007502238172447563,0.049094037900685734,0.04160518424160914,0.05234738756429919,0.0032533496636134585,0.007488853659076592,0.21914185646086137,0.3382547389109145,0.20921117491093463,0.008953244088442062,0.06289182507446846,0.006548221418808581,0.0690573721432899,0.06905737214557704
0.86,32.83,0.27547627896915267,0.06287762608548364,0.06608060596202942,0.0072416251330664145,0.013098448082864455,0.0006790570367902371,6.946923913480569e-05,0.0007485262759250428,0.04910012096582895,0.04178902659362773,0.05223363160323991,0.0031335106374109634,0.00731109437220122,0.21911617816047707,0.3353911527000949,0.20954672187398085,0.00873993733808618,0.06289010393296318,0.006512626077791389,0.06902277512801232,0.06902277513020924
0.86,32.831,0.27547627896915267,0.06288335146921535,0.06596553155313065,0.0070652869913992436,0.013098089537904468,0.0006790549600186549,6.777144832925209e-05,0.0007468264083479069,0.049106206971292234,0.04197314853156374,0.05212061560687827,0.0030144086355860383,0.007133058439728496,0.21909049336639996,0.33252367199111904,0.209881063947787,0.00852633797470575,0.06288838243667179,0.006479220919201655,0.0689885858729685,0.06898858587507488
0.86,32.832,0.2754762789691526,0.06288907971888608,0.06585120785467755,0.0068886835004121575,0.013097730919066068,0.000679052882819046,6.607141859983672e-05,0.0007451243014188828,0.04911229591700096,0.04215754099798897,0.052008352634192595,0.0028960567171916335,0.006954754919011995,0.21906480208435677,0.3296524422613115,0.2102141429362053,0.008312456931915846,0.06288666058566496,0.0064480440127915595,0.06895480575782952,0.06895480575984489
0.86,32.833,0.27547627896915267,0.06289481083445592,0.06573764802752269,0.006711824289049818,0.013097372226364038,0.0006790508051915549,6.436924313640383e-05,0.0007434200483279587,0.04911838780290033,0.042342194270714104,0.05189685575283069,0.0027784679499303633,0.006776193532186222,0.21903910432000853,0.3267776195056523,0.21054590010426302,0.008098305933947334,0.0628849383800137,0.00641913186761871,0.06892143615661078,0.0689214361585349
0.86,32.834,0.27547627896915267,0.06290054481590483,0.06562486524524407,0.00653471973428041,0.01309701345981513,0.0006790487271363352,6.266502226861376e-05,0.000741713749404949,0.04912448262895337,0.04252709787240435,0.05178613803602399,0.002661655407070619,0.006597384756549024,0.21901340007897824,0.3238993716688591,0.21087627620268512,0.007883897603292661,0.0628832158197985,0.006392519265711246,0.06888847843757474,0.06888847843940729
0.86,32.835,0.27547627896915267,0.06290628166323269,0.0655128726918733,0.006357381065871438,0.013096654619434126,0.000679046648653688,6.095886446730921e-05,0.0007400055131209973,0.04913058039514487,0.04271224046480612,0.05167621255931817,0.002545632164173299,0.006418339930338747,0.21898768936679025,0.321017880321315,0.2112052114953513,0.007669245586687839,0.0628814929050903,0.006368239098247107,0.06885593396313335,0.0688559339648743
0.86,32.836,0.27547627896915267,0.06291202137645946,0.06540168355956248,0.006179820489493357,0.013096295705237217,0.0006790445697433316,5.92508875210511e-05,0.0007382954572643826,0.04913668110147891,0.042897609724464505,0.05156709239706088,0.002430411295581969,0.006239071377014408,0.21896197218891192,0.31813334262828163,0.21153264579041287,0.00745436470313268,0.06287976963596684,0.006346322205904765,0.06882380408974766,0.06882380409139671
0.86,32.837,0.2754762789691526,0.06291776395562504,0.06529131104621343,0.0060020513320126,0.013095936717238365,0.0006790424904055199,5.754121992473325e-05,0.0007365837103302532,0.04914278474798115,0.04308319219604382,0.051458790618644806,0.002316005870663655,0.0060595925519373334,0.2189362485507141,0.31524597367398893,0.21185851847542025,0.00723927111859265,0.06287804601249514,0.006326797225099136,0.06879209016782674,0.06879209016938354
0.86,32.838,0.27547627896915267,0.06292350940078932,0.06518176835306146,0.005824088213740701,0.013095577655452143,0.0006790404106402696,5.583000252583258e-05,0.0007348704131661022,0.04914889133469691,0.04326897311843038,0.05135132028444321,0.0022024289497463018,0.005879918216266534,0.21891051845750392,0.3123560092170002,0.2121827685573777,0.007023982553113863,0.06287632203474518,0.006309690441823347,0.06876079354163098,0.06876079354309526
0.86,32.839,0.27547627896915267,0.06292925771203214,0.06507306868219959,0.005645947253566588,0.01309521851989475,0.0006790383304476043,5.411739048493988e-05,0.0007331557209325441,0.049155000861689786,0.04345493621763826,0.05124469444137229,0.002089693579682507,0.005700064644051528,0.218884781914545,0.30946370897158015,0.21250533470861158,0.006808518527477879,0.06287459770279472,0.006295025654801591,0.0687299155491719,0.0687299155505435
0.86,32.84,0.27547627896915267,0.06293500888945357,0.06496522523407047,0.005467646314562124,0.01309485931057967,0.0006790362498279485,5.24035556231157e-05,0.0007314398054510642,0.04916111332904594,0.0436410634588607,0.05113892611803973,0.0019778127889937894,0.00552004987018524,0.2188590389269938,0.3065693605364068,0.21282615531947152,0.006592900658522895,0.06287287301670855,0.006282824049600964,0.06869945752211186,0.06869945752339082
0.86,32.841,0.27547627896915267,0.06294076293317344,0.06485825120490438,0.005289205299513052,0.013094500027521641,0.0006790341687810553,5.068868924640501e-05,0.0007297228580274603,0.049167228736870745,0.04382733474811129,0.051034028319355274,0.0018667995824845282,0.005339893988759457,0.21883328949994732,0.303673284122018,0.2131451685595827,0.006377153014496475,0.06287114797655739,0.006273104085288359,0.06866942078566884,0.06866942078685469
0.86,32.842,0.27547627896915267,0.06294651984333177,0.06475215978410358,0.00511064650858397,0.01309414067073565,0.0006790320873072232,4.897300556419231e-05,0.0007280050928714155,0.0491733470852889,0.044013727571140734,0.05093001402049651,0.0017566669352076097,0.005159619514148162,0.21880753363844518,0.30077583827212456,0.2134623124493888,0.0061613025451194015,0.06286942258241321,0.006265881395061035,0.06863980665850915,0.06863980665960195
0.86,32.843,0.2754762789691527,0.06295227962008863,0.06464696415159789,0.004931995074726711,0.013093781240234645,0.000679030005406342,4.725674585057887e-05,0.0007262867512569209,0.04917946837444765,0.04420021655387036,0.05082689616010633,0.001647427785658677,0.00497925182057729,0.21878177134741855,0.29787742682846907,0.21377752494430124,0.005945379605129288,0.06286769683433818,0.006261168702176777,0.06861061645265867,0.0686106164536581
0.86,32.844,0.27547627896915267,0.06295804226362411,0.0645426774751373,0.004753279497071509,0.013093421736033515,0.0006790279230785397,4.554018354221148e-05,0.0007245681066207512,0.04918559260451206,0.04438677292389834,0.050724687632483036,0.001539095027970977,0.00479881968061372,0.2187560026317638,0.29497850746315024,0.2140907440348619,0.00572941859563934,0.06286597073240378,0.0062589757522738855,0.06858185147339538,0.06858185147430133
0.86,32.845,0.27547627896915267,0.06296380777413832,0.06443931290754841,0.004574532298708298,0.01309306215814607,0.0006790258403239415,4.3823630524939034e-05,0.0007228494708488805,0.04919171977566831,0.04457336384643507,0.05062340127855346,0.0014316815028851543,0.004618355929233237,0.21873022749629104,0.29207960220056634,0.21440190786665816,0.005513458755063696,0.06286424427667635,0.006259309263014986,0.0685535130191569,0.0685535130199692
0.86,32.846000000000004,0.2754762789691526,0.06296957615185163,0.06433688358394511,0.004395790843659328,0.01309270250658423,0.0006790237571426011,4.210744494189087e-05,0.0007211312020844919,0.0491978498881248,0.044759951599523576,0.050523049875276387,0.0013251999871515888,0.004437898288601219,0.21870444594570887,0.2891813104858035,0.21471095488554068,0.0052975451414532,0.06286251746721307,0.00626217289170972,0.06852560238143801,0.06852560238215671
0.86,32.847,0.2754762789691527,0.06297534739700432,0.06423540261888624,0.004217098359170201,0.013092342781365788,0.0006790216735346222,4.039204096380886e-05,0.000719413714498431,0.049203982942103916,0.044946492541969904,0.05042364612302203,0.0012196631809181166,0.00425749040013401,0.21867865798475136,0.28628432553739336,0.21501782401537153,0.005081729861702575,0.06286079030409936,0.0062675672213703985,0.06849812084469539,0.06849812084532018
0.86,32.848,0.27547627896915267,0.06298112150985678,0.06413488310350342,0.004038505225262416,0.013091982982499428,0.0006790195895000714,3.8677901113610944e-05,0.0007176974906136823,0.04921011893785728,0.045132935811481256,0.0503252026303903,0.0011150836925330199,0.004077183126376027,0.21865286361793804,0.2833894549747295,0.21532245487727011,0.0048660736221060215,0.062859062787377,0.006275489765350799,0.06847106968624264,0.06847106968677338
0.86,32.849000000000004,0.27547627896915267,0.06298689849068966,0.064035338102572,0.003860070615289656,0.013091623110000988,0.0006790175050391463,3.696559194548891e-05,0.0007159830969846353,0.04921625787564952,0.04531922166841437,0.05022773189558638,0.001011474019936863,0.0038970362072351453,0.2186270628498342,0.2804976470604726,0.21562478806418664,0.004650647700947214,0.06285733491712196,0.006285934990506828,0.06844445017616098,0.06844445017659792
0.86,32.85,0.27547627896915267,0.06299267833980353,0.06393678065155012,0.003681864602094609,0.013091263163882767,0.0006790154201515784,3.525578417369565e-05,0.0007142712043252741,0.04922239975576918,0.04550527936950088,0.050131246283342076,0.000908846527572893,0.0037171203862683046,0.2186012556848729,0.2776100243899741,0.215924765487443,0.004435536480905669,0.06285560669339332,0.006298894358497063,0.06841826357719594,0.06841826357753863
0.86,32.851,0.27547627896915267,0.06299846105751916,0.0638392237535669,0.003503970888114833,0.01309090314415857,0.0006790133348378114,3.35492787642806e-05,0.0007125626136020919,0.049228544578522784,0.045691024411643674,0.05003575799580624,0.0008072134172834589,0.0035375201668791136,0.218575442127453,0.27472792756117287,0.2162223308203903,0.0042208407316626055,0.06285387811625738,0.006314356384663648,0.06839251114466188,0.06839251114491025
0.86,32.852,0.27547627896915267,0.06300424664417761,0.06374268037637355,0.0033264903809392377,0.013090543050840205,0.0006790112490977521,3.184704110652443e-05,0.0007108582902042765,0.04923469234423966,0.0458763549221939,0.04994127903532907,0.00070658669108941,0.0033583374220457624,0.21854962218186347,0.2718529723673246,0.21651743007280283,0.004006681909015223,0.06285214918577077,0.006332306713617987,0.06836719412634001,0.06836719412649402
0.86,32.853,0.27547627896915267,0.06301003510013993,0.06364716344926029,0.003149545927514598,0.013090182883941108,0.0006790091629315192,3.0150246257075306e-05,0.0007091594091885946,0.04924084305326731,0.04606114687949563,0.04984782115613059,0.0006069781028632815,0.003179696173771673,0.21852379585235382,0.2689871255222751,0.21681001234454983,0.0037932078470495345,0.06285041990199805,0.006352728210527173,0.06834231376239128,0.06834231376245097
0.86,32.854,0.27547627896915267,0.06301582642578725,0.06355268585992158,0.002973288655475636,0.013089822643471812,0.0006790070763390267,2.8460339542422057e-05,0.0007074674158814488,0.04924699670597641,0.04624524771095835,0.049755395800568314,0.0005083990945919034,0.0030017489950180582,0.21849796314305536,0.2661328060908531,0.21710003082740342,0.003580600382548307,0.06284869026498978,0.006375601066819263,0.06831787128524879,0.06831787128521413
0.86,32.855,0.27547627896915267,0.063021620621521,0.06345926045128723,0.002797906571428111,0.01308946232944758,0.0006790049893206253,2.677911872937686e-05,0.0007057841080500022,0.0492531533027528,0.046428467612595316,0.049664014013789656,0.0004108607110368534,0.002824685690157488,0.218472124058112,0.2632930230178715,0.21738744415540623,0.0033690856928741057,0.06284696027481927,0.00640090291894675,0.06829386791952603,0.06829386791939701
0.86,32.856,0.27547627896915267,0.06302741768776278,0.06336690001832512,0.0026236363690481956,0.013089101941880217,0.0006790029018762622,2.510884686875968e-05,0.0007041117487450219,0.0492593128440063,0.04661056762808935,0.04957368632769988,0.000314373483693578,0.0026487452159169554,0.21844627860153717,0.2604715639946151,0.2176722182501648,0.0031589484928533154,0.06284522993154316,0.00642860897866449,0.06827030488192169,0.0682703048816985
0.86,32.857,0.2754762789691527,0.06303321762495427,0.06327561730480014,0.0024507798596894183,0.013088741480778295,0.0006790008140058432,2.3452409311009008e-05,0.0007024532233168522,0.04926547533017014,0.04679124306116971,0.04948442260070499,0.00021894727053485552,0.0024742322690004272,0.21842042677722381,0.2576732582560487,0.2179543288793634,0.002950551788938069,0.06284349923520263,0.0064586921732015246,0.06824718338112146,0.06824718338080374
0.86,32.858,0.27547627896915267,0.06303902043355745,0.063185424999994,0.002279727139197722,0.013088380946158369,0.0006789987257098044,2.1813535090060127e-05,0.0007008122607998645,0.04927164076168928,0.046970100087401497,0.04939623179303576,0.00012459103134648125,0.002301540674287782,0.21839456858913067,0.2549043471113649,0.218233765254559,0.0027443647315513794,0.06284176818587715,0.006491123293667282,0.06822450461770707,0.06822450461729503
0.86,32.859,0.27547627896915267,0.06304482611405444,0.06309633573539637,0.002110989671256383,0.01308802033802835,0.0006789966369876631,2.0197113061907404e-05,0.0006991937500495705,0.04927780913903843,0.04714662235472014,0.04930912164731845,3.1312508280020857e-05,0.0021311867843182906,0.21836870404099604,0.25217301306490797,0.21851053515843774,0.0025410023885358963,0.06284003678360474,0.006525871149950578,0.06820226978404927,0.06820226978354263
0.86,32.86,0.27547627896915267,0.06305063466694757,0.06300836208137418,0.001945248066334531,0.013087659656402075,0.0006789945478400106,1.8609648456604647e-05,0.0006976041962966152,0.04928398046270549,0.047320122747914355,0.049223098228675495,-6.0882234029994986e-05,0.001963857714791136,0.21834283313660036,0.24949014394742444,0.21878467234071672,0.002341283184042343,0.06283830502845178,0.006562902730466661,0.0681804800642321,0.06818048006363124
