t,sigma,r,residual_margin,cleared_margin,external_ratio,lower_factor_ratio,total_ratio,quarter_surplus_ratio,genuine_ratio,continued_ratio,horizontal_pressure_ratio,cutoff_pressure_ratio,canonical_closed_ratio,factorization_error,direct_abs,bracket_abs,rectangular_abs,central_ref_abs,cutoff_budget,horizontal_upper,lower_factor_upper,tail_gap_budget,central_ref_delta
1.0,0.5,0.3535533905932738,0.08788522991524662,0.03672664161544274,496.9257865670292,300.3414178922769,797.2672044593062,-796.5172044593062,147.31846852991964,147.31846852991964,0.0,202.2888495071899,375.5856172265244,7.850462293418876e-17,0.441907099546099,0.018009447595492434,0.45363025888277936,6.18344296803913,5.7463292177130345,0.0,65.19451212703949,7.099466521440883,3.228015568895988e-07
1.25,0.5,0.3535533905932738,0.08788522991524662,0.03672664161544274,384.55322299527234,234.94852456493408,619.5017475602065,-618.7517475602065,110.89653860857759,110.89653860857759,0.0,162.76014577811716,288.3312730632498,1.1102230246251565e-16,0.3685760520575613,0.02276089719050023,0.38795791174232847,4.654694205566101,4.62345494298135,0.0,50.999807290889486,5.950735477505878,3.2272328001014894e-07
1.5,0.5,0.3535533905932738,0.08788522991524662,0.03672664161544274,301.24054591146194,180.01941706931785,481.2599629807798,-480.5099629807798,83.42012238976866,83.42012238976866,0.0,134.4003011319246,222.56884063326808,6.206335383118183e-17,0.2943364491536096,0.028036795494362998,0.3211010441784653,3.5014182154576052,3.817849471907539,0.0,39.07645556044374,4.888552146851954,3.226276640009363e-07
1.75,0.5,0.3535533905932738,0.08788522991524662,0.03672664161544274,243.45813901492977,143.06585935315658,386.5239983680864,-385.7739983680864,71.14951393822318,71.14951393822318,0.0,101.15911113848341,185.745251003379,8.886119947416683e-17,0.22402982133806917,0.033786573205775654,0.25761387175530814,2.986380228025224,2.8735817984484933,0.0,31.055020543020927,4.1555143846259766,3.2251474170773646e-07
2.0,0.5,0.3535533905932738,0.08788522991524662,0.03672664161544274,183.56048016799875,112.59096637315217,296.1514465411509,-295.4014465411509,54.180146524520566,54.180146524520566,0.0,75.20018711895761,142.05517944119532,8.326672684688674e-17,0.16070063283500993,0.03999817275038453,0.20068845458593632,2.274119798946563,2.1361782098809883,0.0,24.439896349035365,3.48315785826817,3.2238453447193615e-07
2.25,0.5,0.35355339059327373,0.0878852299152466,0.03672664161544273,143.34891643632457,88.68600146306693,232.0349178993915,-231.2849178993915,39.71140993057672,39.71140993057672,0.0,63.92609657517114,108.324709511781,1.0007415106216802e-16,0.1057671785728118,0.046706485104181475,0.1523402174032706,1.6668191092162565,1.8159201429992544,0.0,19.250893328193328,2.9066518158914083,3.2223708552038196e-07
2.5,0.5,0.3535533905932738,0.08788522991524662,0.03672664161544274,128.7217532588452,74.33580697683422,203.05756023567943,-202.30756023567943,37.417542803496445,37.417542803496445,0.0,53.88666765185232,99.59292665816945,5.721958498152797e-17,0.06074198980451542,0.05399468421310875,0.1147326832608296,1.5705379253422886,1.5307345586639713,0.0,16.135925252782474,2.5659557816455805,3.2207244085723136e-07
2.75,0.5,0.3535533905932738,0.08788522991524662,0.03672664161544274,95.87767918010776,56.56413855565413,152.4418177357619,-151.6918177357619,28.08989238669946,28.08989238669946,0.0,39.69789440670883,75.9347632853604,1.1443916996305594e-16,0.03525958294343258,0.061985960376058066,0.09246000047335928,1.179025612231617,1.1276803989280186,0.0,12.278264659271162,2.0438223216062847,3.218906481378411e-07
3.0,0.5,0.3535533905932738,0.08788522991524662,0.03672664161544274,67.5596804660308,43.94351066074612,111.50319112677693,-110.75319112677693,18.58466978427184,18.58466978427184,0.0,30.39034089748712,54.425192332713436,6.397344083151129e-17,0.04779562961197036,0.07082660115314472,0.09109187258453841,0.7800600076666279,0.8632848733923058,0.0,9.538730151777612,1.6517951788466,3.2169176618561585e-07
3.25,0.5,0.3535533905932738,0.08788522991524662,0.03672664161544274,70.12445986676119,41.13518495127704,111.25964481803823,-110.50964481803823,21.17923623685465,21.17923623685465,0.0,27.765987393051887,59.62942711594242,1.1210126175528405e-16,0.07419625011901043,0.08066380495258119,0.10767988589944197,0.8889625359540102,0.7887360326782368,0.0,8.929132495192245,1.5986589016263033,3.214758522268862e-07
3.5,0.5,0.3535533905932738,0.08788522991524662,0.03672664161544274,53.53139262343157,29.3720929912359,82.90348561466747,-82.15348561466747,15.42240410555536,15.42240410555536,0.0,22.68658441232085,47.31276758874967,1.6711069443220838e-16,0.09844376717687037,0.09162291466538726,0.13258676238057,0.6473292667808738,0.6444476953436769,0.0,6.375741601514563,1.1730373521668411,3.212429742933857e-07
3.75,0.5,0.3535533905932738,0.08788522991524662,0.03672664161544274,30.885225808304476,20.7027830605164,51.58800886882088,-50.83800886882088,7.704572605972483,7.704572605972483,0.0,15.476080596359516,30.291498741762915,7.850462293418876e-17,0.11754824108912305,0.10378842785089128,0.15907488546840964,0.32338637359966754,0.43962212609935086,0.0,4.493911798027145,0.8445629711580683,3.2099320178748175e-07
4.0,0.5,0.3535533905932738,0.08788522991524662,0.03672664161544274,39.866586020099035,24.604035917459175,64.4706219375582,-63.72062193755821,13.288011155751681,13.288011155751681,0.0,13.290563708595677,41.39955711671806,7.850462293418876e-17,0.13132687520867678,0.11719133927686355,0.18429120202759533,0.5577417411420539,0.3775391216304554,0.0,5.340748969128957,1.0192096806916782,3.207266092082189e-07
4.25,0.5,0.3535533905932738,0.08788522991524662,0.03672664161544274,31.955587464912487,16.407673902939177,48.36326136785166,-47.61326136785166,9.52319856435741,9.52319856435741,0.0,12.909190336197664,34.31684029753011,1.6883057536160649e-16,0.14064731138590011,0.1318031213169677,0.20769951048469812,0.3997201150924039,0.36670561816248215,0.0,3.5615810258488625,0.6861423427314783,3.2044328037047275e-07
4.5,0.5,0.3535533905932738,0.08788522991524662,0.03672664161544274,13.76578861933233,8.29651732316893,22.06230594250126,-21.31230594250126,2.3483186480184197,2.3483186480184197,0.0,9.069151323295491,19.240880400361263,1.7772239894833365e-16,0.14653114373935713,0.1475351226406161,0.22986796754285868,0.09856669415386689,0.25762334086072025,0.0,1.8009084562274038,0.34821534488845607,3.201432987393302e-07
4.75,0.5,0.3535533905932738,0.08788522991524662,0.03672664161544274,25.090366498958733,16.492735916234924,41.58310241519366,-40.83310241519366,9.669983459726096,9.669983459726096,0.0,5.750399579506543,33.27663490118734,2.1240270466091291e-16,0.1493471217485576,0.16424188494892258,0.2514140235464033,0.40588116223156506,0.16334903875197895,0.0,3.5800452672987344,0.6907357592943244,3.198267562026338e-07
5.0,0.5,0.3535533905932738,0.08788522991524662,0.03672664161544274,21.683344298903496,11.214716960994881,32.89806125989838,-32.14806125989838,7.346475738589363,7.346475738589363,0.0,6.990392821724766,29.426177591446788,1.6711069443220838e-16,0.1484729825424578,0.18172752273003356,0.27220279163630073,0.3083558646716761,0.19857297430198087,0.0,2.43435622714258,0.46596425667537406,3.194937452078763e-07
5.25,0.5,0.3535533905932738,0.08788522991524662,0.03672664161544274,12.20527087406978,3.2259674925992172,15.431238366668998,-14.681238366668998,2.9637020282788042,2.9637020282788042,0.0,6.27786681751217,20.72137796729345,2.5133742693021536e-16,0.1426618108821455,0.19975514251127763,0.29112755465337053,0.12439636828292161,0.1783325655678275,0.0,0.7002543248734625,0.13219996245399115,3.191443711480099e-07
5.5,0.5,0.3535533905932738,0.08788522991524662,0.03672664161544274,19.273962566635063,12.809170068820539,32.0831326354556,-31.3331326354556,8.279840657978962,8.279840657978962,0.0,2.7142812506771374,30.35593455807298,2.0014830212433605e-16,0.13082591671088123,0.21805967844918447,0.3065322560942376,0.3475322748326457,0.07710337813405947,0.0,2.780460980871282,0.5146774622183872,3.1877873651908066e-07
5.75,0.5,0.3535533905932738,0.08788522991524662,0.03672664161544274,16.965664212447862,10.092710692299578,27.05837490474744,-26.30837490474744,7.048225636724415,7.048225636724415,0.0,2.8692129389990355,27.947487540662408,1.7785780651003303e-16,0.11271878620901327,0.23636431403395203,0.31695904473956354,0.2958373222682895,0.0815044535740683,0.0,2.190804565821908,0.39524490965376274,3.183969520655206e-07
6.0,0.5,0.3535533905932738,0.08788522991524662,0.03672664161544274,14.36750544673302,5.335064364947203,19.702569811680224,-18.952569811680224,4.963723346202704,4.963723346202704,0.0,4.440058754327611,24.154937925956602,2.3551386880256624e-16,0.08917277634534787,0.2544001100402741,0.3217909983899231,0.20834387247336333,0.12612677075633105,0.0,1.1580717733837087,0.20239781046700267,3.179991322151326e-07
6.25,0.5,0.3535533905932738,0.08788522991524662,0.03672664161544274,18.89514585784566,11.372047549950205,30.267193407795865,-29.517193407795865,7.957946702862851,7.957946702862851,0.0,2.979252452119957,29.437278443157876,5.551115123125783e-17,0.061825656535386186,0.2719280136013727,0.3214766356954129,0.33402132177238647,0.08463029699494944,0.0,2.468507664069208,0.4153756944217248,3.175853977763108e-07
6.5,0.5,0.3535533905932738,0.08788522991524662,0.03672664161544274,15.04471113489203,10.343266874830595,25.387978009722623,-24.637978009722623,7.390028342297893,7.390028342297893,0.0,0.26465445029624396,27.127383898382323,3.554447978966673e-16,0.032540515644733516,0.28876234085571595,0.31720127910583623,0.310183911377759,0.0075179210521983605,0.0,2.245192296275994,0.36149761507860556,3.171558719657022e-07
6.75,0.5,0.3535533905932738,0.08788522991524662,0.03672664161544274,15.371473532295159,7.6054945368277025,22.97696806912286,-22.22696806912286,6.3315909490056566,6.3315909490056566,0.0,2.7082916342838472,25.578925449155204,2.0595777971499126e-16,0.007214058728209206,0.3047948945081941,0.3100915875385803,0.26575779615967055,0.07693323376986191,0.0,1.6509095192165182,0.252781269005577,3.1671068273978266e-07
7.0,0.5,0.3535533905932738,0.08788522991524662,0.03672664161544274,18.829655193146003,10.66795240709298,29.497607600238982,-28.747607600238982,7.920517213093613,7.920517213093613,0.0,2.9886207669587765,29.81111001659537,1.2412670766236366e-16,0.032441181988905846,0.32001841585770036,0.30033326458053816,0.33245028239341085,0.0848964185405027,0.0,2.3156711367206593,0.3351776814072933,3.1624996563927125e-07
7.25,0.5,0.3535533905932738,0.08788522991524662,0.03672664161544274,16.69933088151739,10.319767379110985,27.019098260628375,-26.269098260628375,7.583395745110911,7.583395745110911,0.0,1.532539391295563,29.8382497921918,6.206335383118183e-17,0.06710693508527474,0.3345463054027565,0.2867826594830931,0.3183001802957278,0.043534163662267686,0.0,2.2400913076430475,0.3048231541660722,3.1577385711451837e-07
7.5,0.5,0.3535533905932738,0.08788522991524662,0.03672664161544274,15.560635358354228,8.295416183644354,23.856051541998582,-23.106051541998582,6.820123639028502,6.820123639028502,0.0,1.9203880802972222,29.685929293650528,1.0007415106216802e-16,0.10544979422335174,0.3486223106265631,0.2674692591290326,0.2862631276155531,0.05455160856390927,0.0,1.800669434068581,0.22930054576203426,3.152825006902866e-07
7.75,0.5,0.3535533905932738,0.08788522991524662,0.03672664161544274,17.739116831476903,9.161018556189358,26.90013538766626,-26.15013538766626,7.378302673244624,7.378302673244624,0.0,2.9825114849876524,32.457603133478756,8.886119947416683e-17,0.14653125336633172,0.36261036176466804,0.24091724687964416,0.3096917462977354,0.08472287488955288,0.0,1.9885640134113478,0.2362722810406247,3.14776040337775e-07
8.0,0.5,0.3535533905932738,0.08788522991524662,0.03672664161544274,16.345741660732486,8.498614943571981,24.844356604304465,-24.094356604304465,6.804244139247846,6.804244139247846,0.0,2.737253382236793,32.55145897253882,2.172217384091364e-16,0.1876449181036807,0.3769537597165711,0.20804853951686325,0.28559661253272267,0.07775593723999133,0.0,1.8447773833193648,0.2044556441861969,3.1425462868671545e-07
8.25,0.5,0.3535533905932738,0.08788522991524662,0.03672664161544274,14.046457977507055,6.134274095567789,20.180732073074843,-19.430732073074843,5.796143602751274,5.796143602751274,0.0,2.4541707720045083,31.68499572276427,2.9504581591051765e-16,0.22459947805377356,0.3920980068241224,0.1748900018317498,0.24328330154272818,0.06971453565919668,0.0,1.3315546344577676,0.13818035562674136,3.1371842000202e-07
8.5,0.5,0.3535533905932738,0.08788522991524662,0.03672664161544274,14.008412803555162,4.78600976816036,18.794422571715522,-18.044422571715522,5.42602038920842,5.42602038920842,0.0,3.1563720251383245,32.22762712743651,2.830524433501838e-16,0.25263326117294166,0.40838425680412554,0.1557576864255479,0.227748007122906,0.08966165378967049,0.0,1.038889587923476,0.10189560418051287,3.131675743840342e-07
8.75,0.5,0.3535533905932738,0.08788522991524662,0.03672664161544274,12.450193666590584,3.0458638510395732,15.496057517630158,-14.746057517630158,4.471927853933718,4.471927853933718,0.0,3.5063379587231456,31.204929163774896,3.065703529144609e-16,0.2674996084238825,0.42593682928259174,0.16747066876765054,0.18770159042461676,0.09960298013693017,0.0,0.6611595868710083,0.062270006070736905,3.1260225439196926e-07
9.0,0.5,0.3535533905932738,0.08788522991524662,0.03672664161544274,10.96405253051938,1.6270240271127985,12.591076557632178,-11.841076557632178,3.852832322452716,3.852832322452716,0.0,3.2583878856139474,30.306283350112096,6.061909215660398e-16,0.26647317679079047,0.4445789738428148,0.20841030143019104,0.1617161050412741,0.09255957288481258,0.0,0.3531748581696949,0.03264327678414585,3.1202262709347147e-07
9.25,0.5,0.3535533905932738,0.08788522991524662,0.03672664161544274,12.008671886857956,3.573846523342365,15.58251841020032,-14.83251841020032,4.3841298689236154,4.3841298689236154,0.0,3.240412149010725,31.408383623837373,3.5571561302006606e-16,0.24914732320735158,0.46380686274579536,0.2620879488117814,0.1840164188474464,0.09204894414425345,0.0,0.7757677317411807,0.0721392026952474,3.1142886377959984e-07
9.5,0.5,0.35355339059327373,0.0878852299152466,0.03672664161544273,13.789353950669433,6.051513408428548,19.84086735909798,-19.09086735909798,5.153016320659746,5.153016320659746,0.0,3.483321309349938,32.73641927176118,2.237726045655905e-16,0.21802286825405431,0.48283246405120445,0.3148203266771552,0.2162891241684546,0.09894915643330374,0.0,1.3135899372834452,0.1258600559183706,3.1082113931787175e-07
9.75,0.5,0.3535533905932738,0.08788522991524662,0.03672664161544274,16.176564874265562,8.806460834469538,24.9830257087351,-24.2330257087351,6.378001139013419,6.378001139013419,0.0,3.4205625962387245,34.664420696288275,6.206335383118183e-17,0.1791159687743216,0.5006820645027652,0.3584662200732646,0.26770578520620736,0.09716639763223489,0.0,1.911600876423398,0.19236081826509815,3.101996320186985e-07
10.0,0.5,0.3535533905932738,0.08788522991524662,0.03672664161544274,18.370762546236033,10.901093390817927,29.27185593705396,-28.52185593705396,7.583061327692403,7.583061327692403,0.0,3.2046398908512277,36.51803676950646,2.7894008272968645e-16,0.14304757903066317,0.5163214989385245,0.3888424855886958,0.31828614369152264,0.09103277754512418,0.0,2.3662785847291037,0.2532708481779492,3.095645242970047e-07
10.25,0.5,0.3535533905932738,0.08788522991524662,0.03672664161544274,20.012755681107823,12.319856958969874,32.3326126400777,-31.5826126400777,8.407245832267623,8.407245832267623,0.0,3.1982640165725726,38.030117106517096,1.7772239894833365e-16,0.12495809720806031,0.528776994691786,0.404808954601638,0.35287989103384876,0.09085166092527511,0.0,2.6742467607415747,0.30644150951143484,3.089160026175893e-07
10.5,0.5,0.3535533905932738,0.08788522991524662,0.03672664161544274,21.464619471964074,13.623289528839196,35.08790900080327,-34.33790900080327,9.132761533615874,9.132761533615874,0.0,3.199096404732331,39.88085333302799,1.3877787807814457e-16,0.13327183706687964,0.5372288943920533,0.4076857322329575,0.383332182633613,0.09087530620485701,0.0,2.957180267147282,0.36338325012529377,3.082542560861503e-07
10.75,0.5,0.3535533905932738,0.08788522991524662,0.03672664161544274,22.332028974614353,14.505358906726423,36.837387881340774,-36.087387881340774,9.655344448570096,9.655344448570096,0.0,3.021340077474158,41.53745474651626,1.7554167342883506e-16,0.1575081834300606,0.5410680957832011,0.4005357859095596,0.40526671455575836,0.08582586141615305,0.0,3.1486493064730023,0.4141926883084616,3.075794770223433e-07
11.0,0.5,0.3535533905932738,0.08788522991524662,0.03672664161544274,22.58394017232874,14.862210708321303,37.446150880650045,-36.696150880650045,9.864613846464824,9.864613846464824,0.0,2.854712479399098,42.496669451567506,3.6002095113654283e-16,0.18361398300581452,0.5399168459014252,0.38715779141640744,0.4140504427586831,0.08109254547892424,0.0,3.226110414800652,0.45255617503105444,3.0689186213384105e-07
11.25,0.5,0.3535533905932738,0.08788522991524662,0.03672664161544274,22.667390534082323,15.067276039375658,37.73466657345798,-36.98466657345798,9.946129471788746,9.946129471788746,0.0,2.775131590504827,42.99180414586477,2.6703474716024767e-16,0.20492605656295804,0.5336239054223577,0.3708972050382522,0.4174719229384892,0.07883192662554314,0.0,3.2706235369204038,0.48676714445876335,3.061916111493239e-07
11.5,0.5,0.3535533905932738,0.08788522991524662,0.03672664161544274,22.369172730716425,15.018377292652318,37.387550023368746,-36.637550023368746,9.864439961455117,9.864439961455117,0.0,2.6402928078061896,42.882550522136846,3.3766115072321297e-16,0.220403024302277,0.5222480835505972,0.353650600558347,0.41404314423018734,0.0750016214031364,0.0,3.260009183566731,0.5117981359956021,3.054789249981505e-07
11.75,0.5,0.3535533905932738,0.08788522991524662,0.03672664161544274,21.58650236369673,14.604041543363659,36.19054390706039,-35.44054390706039,9.556439768786555,9.556439768786555,0.0,2.473622826123621,42.095338564205015,3.925231146709438e-16,0.23168208845685245,0.5060438739073455,0.3355495751056722,0.40111535829461525,0.07026710149365321,0.0,3.1700701494460555,0.5217878768500133,3.047540098604327e-07
12.0,0.5,0.3535533905932738,0.08788522991524662,0.03672664161544274,20.63821509240545,14.02732187704273,34.66553696944818,-33.91553696944818,9.12293416550919,9.12293416550919,0.0,2.392346761387069,40.92948764769418,4.47545209131181e-16,0.240825781584744,0.4854595426480359,0.31550981963915353,0.3829196955176391,0.06795832853540974,0.0,3.044882762559084,0.5222180666202444,3.040170748536703e-07
12.25,0.5,0.3535533905932738,0.08788522991524662,0.03672664161544274,19.453555982774102,13.262535102703437,32.71609108547754,-31.966091085477537,8.547757360704702,8.547757360704702,0.0,2.3580412613646917,39.37923383892292,4.081579843510303e-16,0.24881213415406686,0.46115347131953394,0.2922715568412879,0.3587776242312736,0.06698382748116435,0.0,2.8788720238998375,0.5112995558631569,3.0326833122216236e-07
12.5,0.5,0.3535533905932738,0.08788522991524662,0.03672664161544274,17.91727895897749,12.234549995715188,30.15182895469268,-29.40182895469268,7.794870407676344,7.794870407676344,0.0,2.327538143624801,37.36932472551016,4.965068306494546e-16,0.2551884398873687,0.4340307730965764,0.2652966476686688,0.3271764707446276,0.06611733900625787,0.0,2.6557293484930145,0.48545943554155746,3.02507991735726e-07
12.75,0.5,0.3535533905932738,0.08788522991524662,0.03672664161544274,16.197604122894354,11.059379919094798,27.256984041989153,-26.506984041989153,6.921275074796393,6.921275074796393,0.0,2.355053973301565,35.03335675865442,1.1188630228279524e-16,0.2588333542219386,0.4052996293113883,0.235118837695423,0.2905087876502215,0.06689896892014782,0.0,2.40063752549629,0.4489455543878803,3.017362732190429e-07
13.0,0.5,0.3535533905932738,0.08788522991524662,0.03672664161544274,14.283267003507413,9.761009325010265,24.04427632851768,-23.29427632851768,5.923108037060482,5.923108037060482,0.0,2.4370509293864506,32.38393248950361,6.4796043696850615e-16,0.25906590364097776,0.37654229396936395,0.20312727054564117,0.2486124184304787,0.0692282199177287,0.0,2.118802812070932,0.40297154488508163,3.009533978784445e-07
13.25,0.5,0.3535533905932738,0.08788522991524662,0.03672664161544274,12.093043832919703,8.328454968499745,20.421498801419446,-19.671498801419446,4.785444150593822,4.785444150593822,0.0,2.5221555317320568,29.432808430449978,5.37170786545413e-16,0.2563081050445194,0.3497800962454734,0.17102372123330425,0.20086090547380128,0.07164574843801931,0.0,1.807841097154656,0.3476245526597591,3.0015958305688904e-07
13.5,0.5,0.3535533905932738,0.08788522991524662,0.03672664161544274,9.71026075362831,6.887147200095677,16.597407953723987,-15.847407953723987,3.546617120853505,3.546617120853505,0.0,2.6170265119213014,26.35102346527014,8.747410856390872e-16,0.2519732569253281,0.32747048288430725,0.14034869525028204,0.14886324107974863,0.07434070610228323,0.0,1.4949792965896813,0.28895004871250524,2.9935505468518857e-07
13.75,0.5,0.35355339059327384,0.08788522991524662,0.03672664161544273,7.163416444834171,5.610087193899938,12.773503638734109,-12.023503638734109,2.2140740945180495,2.2140740945180495,0.0,2.735268255798071,23.261587809517245,1.6883057536160649e-16,0.24772042688796445,0.3123078015218036,0.11260285878983756,0.09293200660502889,0.07769954663772397,0.0,1.2177704299432992,0.2352187332003257,2.985400390060604e-07
14.0,0.5,0.3535533905932738,0.08788522991524662,0.03672664161544274,4.437882260998791,4.7795830692757,9.217465330274491,-8.467465330274491,0.7904254557333591,0.7904254557333591,0.0,2.857031349532073,20.24494378942908,4.928080417233778e-16,0.24457947858783008,0.30668877791464394,0.09054612564159539,0.03317676849879095,0.08115841658961402,0.0,1.037494557223704,0.19910921477930485,2.9771476433512806e-07
14.25,0.5,0.3535533905932738,0.08788522991524662,0.03672664161544274,4.364475234831753,4.806535105869134,9.171010340700887,-8.421010340700887,0.6904332511652721,0.6904332511652721,0.0,2.9836087325012084,20.16306221206484,8.021553430725095e-16,0.24258057239561742,0.31192760650840773,0.08028786740977323,0.028979765228493614,0.08475404391078943,0.0,1.0433449820131655,0.19778788768251382,2.968794607201041e-07
14.5,0.5,0.3535533905932738,0.08788522991524662,0.03672664161544274,7.557123006295498,5.774475577282898,13.331598583578396,-12.581598583578396,2.2091121507137195,2.2091121507137195,0.0,3.1388987048680583,23.592046843656245,1.056354017258402e-15,0.24112930286244977,0.32770996813958914,0.08837441795826692,0.09272373742580882,0.08916529696602897,0.0,1.2534538882196034,0.23334032113218423,2.960343600759463e-07
14.75,0.5,0.3535533905932738,0.08788522991524662,0.03672664161544274,10.823717546621221,7.339459741123724,18.163177287744944,-17.413177287744944,3.746990529064681,3.746990529064681,0.0,3.329736488491858,27.279693109312845,2.1588771306901906e-16,0.23968014841741553,0.35225309883902395,0.11257483729700656,0.1572735751970477,0.0945863408572399,0.0,1.5931618770949167,0.28950891390001193,2.951796969024401e-07
15.0,0.5,0.3535533905932738,0.08788522991524662,0.03672664161544274,14.09045039049096,9.166291947374221,23.25674233786518,-22.50674233786518,5.265744574582751,5.265744574582751,0.0,3.558961241325456,31.08391988174639,1.7554167342883506e-16,0.2380130158203858,0.382992113298026,0.14564948339172046,0.2210207015190431,0.10109782627939579,0.0,1.9897086979106247,0.35082087156609143,2.943157061914732e-07
15.25,0.5,0.3535533905932738,0.08788522991524662,0.03672664161544274,17.305424690382036,11.066056219173413,28.37148090955545,-27.62148090955545,6.732100713723253,6.732100713723253,0.0,3.8412232629355274,34.87186601052286,4.769196226117484e-16,0.2358396754603809,0.41723306630369894,0.18285997017685626,0.28256851455083454,0.10911591776481426,0.0,2.402086736629052,0.4084277265100281,2.9344262532726717e-07
15.5,0.5,0.3535533905932738,0.08788522991524662,0.03672664161544274,20.403200087294607,12.91302068474264,33.31622077203725,-32.56622077203725,8.11029179994029,8.11029179994029,0.0,4.182616487414027,38.489861042203344,1.131954589195533e-15,0.23211540724965443,0.45249047697647693,0.22244260584088685,0.34041574895208127,0.11881372298407991,0.0,2.803003626792872,0.4567646647983406,2.925606936186759e-07
15.75,0.5,0.35355339059327384,0.08788522991524662,0.03672664161544273,23.27700836669982,14.592770746661945,37.869779113361766,-37.119779113361766,9.349857271521891,9.349857271521891,0.0,4.577293823656035,41.73299401698382,3.3422138886441676e-16,0.22474801165059338,0.48657107379028014,0.2644994120737128,0.39244440819054366,0.1300251462253594,0.0,3.1676236201015224,0.4916548164272788,2.916701495429375e-07
16.0,0.5,0.3535533905932738,0.08788522991524662,0.03672664161544274,25.82010297073152,16.006733754185884,41.8268367249174,-41.0768367249174,10.398643929754773,10.398643929754773,0.0,5.022815111221968,44.386931904846975,2.9504581591051765e-16,0.21107736492617085,0.5175499041541871,0.30985029402010783,0.4364654501653745,0.14268087093826437,0.0,3.4745497479999687,0.5105753068650815,2.907712345640228e-07
16.25,0.5,0.3535533905932738,0.08788522991524662,0.03672664161544274,27.91545664204108,17.05147727726254,44.966933919303614,-44.216933919303614,11.198788678671203,11.198788678671203,0.0,5.517879284698676,46.2421846824682,2.0014830212433605e-16,0.18887797860890346,0.5437345299001555,0.35877478737232077,0.4700501695184398,0.15674393833729588,0.0,3.70133013933879,0.5120283516801787,2.8986419175599637e-07
16.5,0.5,0.35355339059327373,0.0878852299152466,0.03672664161544273,29.415008020178977,17.60195723861725,47.016965258796226,-46.266965258796226,11.679634824556222,11.679634824556222,0.0,6.055738371066526,47.10166807030704,9.32603861714756e-16,0.15736781036250616,0.5636576527810249,0.4099999432781155,0.4902328713151094,0.17202266175945938,0.0,3.8208217258408674,0.49515966315684157,2.889492633391251e-07
16.75,0.5,0.3535533905932738,0.08788522991524662,0.03672664161544274,30.16587044391766,17.525162170614973,47.69103261453263,-46.94103261453263,11.768071406252403,11.768071406252403,0.0,6.6297276314128535,46.82118046379853,2.7755575615628914e-16,0.1179347374266826,0.5761066138179519,0.460382184217322,0.4939448469055672,0.18832771893595182,0.0,3.8041519737057596,0.4602469142029453,2.880266926963357e-07
17.0,0.5,0.3535533905932738,0.08788522991524662,0.03672664161544274,30.03023591668578,16.685821058420018,46.7160569751058,-45.9660569751058,11.397635270092195,11.397635270092195,0.0,7.234965376501386,45.34911657151294,1.6653345369377348e-16,0.07495790475937478,0.5801818084910728,0.5053454652099263,0.4783964180893783,0.20552043789568555,0.0,3.6219578737320317,0.40864485549552865,2.8709672710516624e-07
17.25,0.5,0.3535533905932738,0.08788522991524662,0.03672664161544274,28.91588745711774,14.960282764694185,43.876170221811925,-43.126170221811925,10.528264344668495,10.528264344668495,0.0,7.859358767780754,42.88020521609431,6.004449063730082e-16,0.04065375028417117,0.5753673466651059,0.5397803035416698,0.44190604733632455,0.22325730276192246,0.0,3.2473987203343855,0.34255963788419436,2.86159609436364e-07
17.5,0.5,0.3535533905932738,0.08788522991524662,0.03672664161544274,26.885028286510025,12.297199474279038,39.18222776078906,-38.43222776078906,9.205333334918578,9.205333334918578,0.0,8.474361616672871,40.22488482847154,9.43689570931383e-16,0.0456869624199882,0.5615935455047024,0.5590490508724023,0.38637826096256334,0.24072741467454134,0.0,2.669328545762066,0.26532983644543295,2.852155856415823e-07
17.75,0.5,0.35355339059327373,0.0878852299152466,0.03672664161544273,24.370875511684808,8.834886688032382,33.20576219971719,-32.45576219971719,7.669831298794409,7.669831298794409,0.0,9.031212914095994,37.4356939972925,8.455206652451151e-16,0.07228283380720137,0.5392716446727189,0.5598527411970179,0.32192816612768904,0.2565456413741309,0.0,1.9177712197208017,0.18218497362152217,2.842649025643973e-07
18.0,0.5,0.3535533905932738,0.08788522991524662,0.03672664161544274,22.447754203286543,5.182892110964217,27.63064631425076,-26.88064631425076,6.490421732588598,6.490421732588598,0.0,9.466910738109346,34.97150700386658,7.791361360319881e-16,0.09193476290736081,0.5092860746709922,0.5408264176104416,0.2724244490352713,0.26892231533476335,0.0,1.125040045933947,0.10424986339613067,2.833078059551113e-07
18.25,0.5,0.3535533905932738,0.08788522991524662,0.03672664161544274,22.47266071345933,3.7334174861380123,26.206078199597343,-25.456078199597343,6.374204809903747,6.374204809903747,0.0,9.72425109365184,34.100346941818614,6.684427777288335e-16,0.09798258338733104,0.4729375317420415,0.5028017784534292,0.26754644072773287,0.2762324681561028,0.0,0.8104054821457403,0.07506118019094818,2.823445426387289e-07
18.5,0.5,0.3535533905932738,0.08788522991524662,0.03672664161544274,24.350861103489663,6.208321911802178,30.559183015291843,-29.809183015291843,7.287153361919914,7.287153361919914,0.0,9.776554379649834,34.76747112370849,9.473559806558736e-16,0.08973378812606547,0.4318392124415364,0.44872784189180315,0.3058659084800016,0.2777182242976048,0.0,1.3476280461348915,0.12786030553064665,2.813753588282145e-07
18.75,0.5,0.3535533905932738,0.08788522991524662,0.03672664161544274,26.579166882886543,9.135652129068633,35.71481901195518,-34.96481901195518,8.470289536454382,8.470289536454382,0.0,9.638587809977778,35.58262521491823,3.314002943249781e-16,0.07056233120033965,0.38777686809354284,0.3832909061773832,0.3555260436393083,0.27379906942423643,0.0,1.983057773705391,0.19674253922687307,2.804005007718034e-07
19.0,0.5,0.3535533905932738,0.08788522991524662,0.03672664161544274,28.03875653227761,11.249341074358396,39.28809760663601,-38.53809760663601,9.341135149445993,9.341135149445993,0.0,9.356486233385628,35.69555537170498,2.7755575615628914e-16,0.05125265866568791,0.3425492576181561,0.31233454162015495,0.3920783119029922,0.26578553562895535,0.0,2.4418720143237382,0.25699998621404646,2.794202135894133e-07
19.25,0.5,0.3535533905932738,0.08788522991524662,0.03672664161544274,28.326144299530434,12.336176512219476,40.66232081174991,-39.91232081174991,9.669758053941441,9.669758053941441,0.0,8.98662819164755,35.2719700172654,7.899375304297577e-16,0.055645283813282855,0.29780834839726744,0.24226516570404752,0.40587170120588384,0.2552791430283583,0.0,2.677789213593085,0.3013775322765923,2.784347449049035e-07
19.5,0.5,0.35355339059327373,0.0878852299152466,0.03672664161544273,27.432460124937617,12.45182833501155,39.88428845994917,-39.13428845994917,9.42704324732767,9.42704324732767,0.0,8.578373630282275,34.34702762019788,2.966732183033997e-16,0.08562589749649147,0.25491861839164864,0.179777980529887,0.39568415867186607,0.24368203760236426,0.0,2.702893523935778,0.3262007639199329,2.774443378341923e-07
19.75,0.5,0.3535533905932738,0.08788522991524662,0.03672664161544274,25.50499239367093,11.745918784095041,37.25091117776597,-36.50091117776597,8.668581603939044,8.668581603939044,0.0,8.16782918579284,32.60409413791086,4.880958247318871e-16,0.12177433262438485,0.21485354240874607,0.1323769029383449,0.3638490170081018,0.23201988448672486,0.0,2.5496631466511976,0.32963385530793815,2.764492382222284e-07
20.0,0.5,0.3535533905932738,0.08788522991524662,0.03672664161544274,22.737141629080597,10.404252179705795,33.14139380878639,-32.39139380878639,7.478677103283898,7.478677103283898,0.0,7.779787422512799,30.02176886482545,4.4160213306930487e-16,0.15524521286058915,0.17814685068107594,0.1086538283915455,0.3139047928342002,0.22099695501008196,0.0,2.2584302546839927,0.3117234756471462,2.754496877418068e-07
20.25,0.5,0.3535533905932738,0.08788522991524662,0.03672664161544274,19.327726814810042,8.646276939457138,27.97400375426718,-27.22400375426718,5.948322067075633,5.948322067075633,0.0,7.431082680658776,26.718306740837676,3.602883265548576e-16,0.18301552856958972,0.14491821928976578,0.11161258099270462,0.2496707345951044,0.2110914547743923,0.0,1.8768300780459064,0.2752297290085071,2.7444593149878253e-07
20.5,0.5,0.3535533905932738,0.08788522991524662,0.03672664161544274,15.464677875881968,6.775092350232557,22.239770226114523,-21.489770226114523,4.166463212469635,4.166463212469635,0.0,7.131751450942699,22.857179194577988,8.886119947416683e-16,0.2045106878851642,0.11500073829925345,0.13187586537336843,0.1748802299523412,0.20258848589952938,0.0,1.4706557739814377,0.22784412702603507,2.7343820978208003e-07
20.75,0.5,0.3535533905932738,0.08788522991524662,0.03672664161544274,11.319750127697846,5.329634073095568,16.649384200793413,-15.899384200793413,2.21729994089257,2.21729994089257,0.0,6.8851502459127065,18.61708955846592,1.2794688166302258e-16,0.22028414433723734,0.08822793237145073,0.1588969108343439,0.09306740603783292,0.19558339534194666,0.0,1.1568930307698553,0.18821611953594422,2.7242676403497095e-07
21.0,0.5,0.35355339059327373,0.0878852299152466,0.03672664161544273,7.051097321044679,5.162895567739768,12.213992888784446,-11.463992888784446,0.18106826347264474,0.18106826347264474,0.0,6.68896079409939,14.187120120274056,2.7755575615628914e-16,0.2310978749927508,0.06507014324162011,0.18714106719752394,0.007600033394846151,0.19001032899692347,0.0,1.1206994362075426,0.19028568803829354,2.71411832843809e-07
21.25,0.5,0.35355339059327384,0.08788522991524662,0.03672664161544273,10.267252062291265,6.510962935525814,16.77821499781708,-16.02821499781708,1.8652471767278347,1.8652471767278347,0.0,6.536757708835596,17.254958490142535,4.2276033262255756e-16,0.2374113625093524,0.04820776224799573,0.2136510306078799,0.0782905880958852,0.18568676376825125,0.0,1.4133217291099336,0.24889867401475146,2.7039365452300266e-07
21.5,0.5,0.3535533905932738,0.08788522991524662,0.03672664161544274,14.115934811668339,8.641696579771228,22.757631391439567,-22.007631391439567,3.8483269366010022,3.8483269366010022,0.0,6.4192809384663345,21.140081088909646,3.3537189618722464e-16,0.23948073363339675,0.04433078175189563,0.2364382258293589,0.16152699910811388,0.18234965349440269,0.0,1.8758358285108774,0.3405465621223455,2.693724659632038e-07
21.75,0.5,0.3535533905932738,0.08788522991524662,0.03672664161544274,17.723427258005444,10.96072213840861,28.684149396414053,-27.934149396414053,5.698763746788731,5.698763746788731,0.0,6.325899764427984,25.06072266106542,4.126162952233366e-16,0.23796464082231295,0.05633814083383629,0.25433025697672623,0.23919594717644274,0.17969701608968083,0.0,2.3792220779549207,0.44257685884985304,2.68348501824178e-07
22.0,0.5,0.3535533905932738,0.08788522991524662,0.03672664161544274,20.94961455284382,13.169118001825844,34.11873255466966,-33.36873255466966,7.351489376412339,7.351489376412339,0.0,6.246635800019147,28.76359424878074,4.613190423717512e-16,0.23458648410222802,0.0774726965054227,0.26719005834754733,0.3085663036196921,0.1774453999689511,0.0,2.858594160264588,0.5416115653255976,2.6732199385431835e-07
22.25,0.5,0.35355339059327384,0.08788522991524662,0.03672664161544273,23.668097117191458,15.097475021759323,38.76557213895078,-38.01557213895078,8.747128819293303,8.747128819293303,0.0,6.1738394786048545,32.06744161284242,3.775166431889533e-16,0.23224767572591667,0.10231330731489846,0.27589929334681135,0.36714590321176666,0.17537750730109486,0.0,3.277178769751932,0.6287234904008475,2.662931762785478e-07
22.5,0.5,0.3535533905932738,0.08788522991524662,0.03672664161544274,25.76969847011529,16.63229119334742,42.401989663462714,-41.651989663462714,9.83340280791299,9.83340280791299,0.0,6.10289285428931,34.88400641338185,3.973993651728112e-16,0.23411526405919297,0.12843974847364992,0.2818957695833403,0.4127404123274386,0.1733621581545863,0.0,3.610338252761586,0.6972653508566717,2.6526227529435144e-07
22.75,0.5,0.3535533905932738,0.08788522991524662,0.03672664161544274,27.165161456275325,17.69144120502602,44.856602661301345,-44.106602661301345,10.566347697424966,10.566347697424966,0.0,6.032466061425388,37.1340221682087,1.734723475976807e-17,0.24192535576450896,0.1544974779866148,0.2863779981248152,0.4435045315056976,0.1713615756285119,0.0,3.8402458318271577,0.7423004990898447,2.642295200233888e-07
23.0,0.5,0.3535533905932738,0.08788522991524662,0.03672664161544274,27.788591077916827,18.217158764470383,46.00574984238721,-45.25574984238721,10.912012696419179,10.912012696419179,0.0,5.964565685078466,38.70529874408059,7.065416064076988e-16,0.2548689859483417,0.1794093010871218,0.2895844364780074,0.4580132338337694,0.16943275989078554,0.0,3.9543622931701154,0.7605878021094613,2.6319513666209343e-07
23.25,0.5,0.35355339059327384,0.08788522991524662,0.03672664161544273,27.59998749114671,18.1747886262695,45.77477611741621,-45.02477611741621,10.848077907570245,10.848077907570245,0.0,5.903831676006224,39.4646321795988,6.713178136967714e-16,0.2702123761789078,0.20212871639711735,0.2906136667078535,0.45532967946026764,0.1677075159552404,0.0,3.945165091837885,0.750692157192704,2.621593436565845e-07
23.5,0.5,0.3535533905932738,0.08788522991524662,0.03672664161544274,26.586320597553506,17.553501770104614,44.13982236765812,-43.38982236765812,10.365063477100591,10.365063477100591,0.0,5.856193643352319,39.29757289292024,5.79553433516819e-16,0.2849566682295839,0.22156611102728532,0.2879085634894753,0.4350559675940437,0.1663542835868702,0.0,3.8103035940036487,0.7130674364751969,2.611223657500734e-07
23.75,0.5,0.3535533905932738,0.08788522991524662,0.03672664161544274,24.76340935477305,16.369539642892253,41.1329489976653,-40.3829489976653,9.467879392916922,9.467879392916922,0.0,5.827650568939209,38.140577659422455,3.6638411145107034e-16,0.2970818013118794,0.23658086311203422,0.2800691661891293,0.3973981866535947,0.165543473189446,0.0,3.553303298133078,0.6501261816462977,2.6008441681368575e-07
24.0,0.5,0.35355339059327384,0.08788522991524662,0.03672664161544273,22.177547800713594,14.671787406923672,36.84933520763727,-36.09933520763727,8.177238770378489,8.177238770378489,0.0,5.823070259956614,35.9894731275792,9.918492907659913e-16,0.30577369413320177,0.2460070484596173,0.266515833838813,0.3432257345412507,0.16541336239294405,0.0,3.184775608834289,0.566267721781022,2.5904571486530445e-07
24.25,0.5,0.3535533905932738,0.08788522991524662,0.03672664161544274,18.905439611374575,12.551336013507271,31.456775624881846,-30.706775624881846,6.530403869406439,6.530403869406439,0.0,5.844631872561696,32.88767314873712,5.835275607609835e-16,0.3108414233049027,0.24870020882303787,0.2477052382915964,0.2741026314466181,0.16602585351539317,0.0,2.7244934570983417,0.46789878848825395,2.5800647083995675e-07
24.5,0.5,0.35355339059327384,0.08788522991524662,0.03672664161544273,15.055752568676184,10.165632440586569,25.221385009262754,-24.471385009262754,4.582462868671914,4.582462868671914,0.0,5.890826831332356,28.909359717881927,5.185169430563076e-16,0.3118552981674094,0.24359969898906617,0.2248607554797277,0.19234111027861373,0.16733809312692674,0.0,2.20663354417722,0.3637774777342438,2.569668960508388e-07
24.75,0.5,0.3535533905932738,0.08788522991524662,0.03672664161544274,10.77276649296876,7.803536103726819,18.57630259669558,-17.82630259669558,2.40797024741586,2.40797024741586,0.0,5.95682599813704,24.151952032060777,6.684427777288335e-16,0.30760868372500855,0.22980807955765176,0.19942245908419956,0.1010704689114186,0.16921290205227482,0.0,1.6938980068699034,0.26640523664150323,2.559271955542383e-07
25.0,0.5,0.35355339059327373,0.0878852299152466,0.03672664161544273,6.238277994643532,6.0376160186549095,12.27589401329844,-11.52589401329844,0.10157894095513388,0.10157894095513388,0.0,6.035120112733265,18.744207547603967,5.848874305127293e-16,0.29628500035401617,0.2067023893679287,0.17270678114930688,0.0042636038401547656,0.17143696808149636,0.0,1.310573258623239,0.19544290765510416,2.548875731308745e-07
25.25,0.5,0.3535533905932738,0.08788522991524662,0.03672664161544274,10.557195151675815,5.714772834942115,16.27196798661793,-15.52196798661793,2.2208795803506587,2.2208795803506587,0.0,6.115435990974497,21.75554370996143,3.757268488191713e-16,0.27625489455730273,0.17413049701911362,0.1466029527552339,0.09321765533553546,0.1737184654497805,0.0,1.2404943331010692,0.17439789810217146,2.53848229273674e-07
25.5,0.5,0.3535533905932738,0.08788522991524662,0.03672664161544274,15.025126282502876,6.872164838189367,21.897291120692245,-21.147291120692245,4.4200333887714205,4.4200333887714205,0.0,6.185059504960034,24.49977646519596,1.4946834900704541e-16,0.24709735446673808,0.13291648411511972,0.1263235887283804,0.18552340822594157,0.1756962295906593,0.0,1.4917271051941445,0.19669442084091185,2.528093615422357e-07
25.75,0.5,0.3535533905932738,0.08788522991524662,0.03672664161544274,18.898021532434125,8.507425209706309,27.405446742140434,-26.655446742140434,6.333817504273574,6.333817504273574,0.0,6.230386523886973,26.3760900842226,1.0569008315563939e-16,0.21045973121613884,0.08703856263772766,0.12383496350423223,0.26585125204236976,0.1769838140217648,0.0,1.8466898102046336,0.22748458352633963,2.5177116269044516e-07
26.0,0.5,0.3535533905932738,0.08788522991524662,0.03672664161544274,21.80936371214537,9.789722610685702,31.59908632283107,-30.84908632283107,7.785795621698392,7.785795621698392,0.0,6.237772468748588,27.63646731040329,1.0677783136387644e-15,0.17060769158142955,0.0578039564681851,0.1503128784529878,0.32679557198765724,0.17719362326662486,0.0,2.125035547683327,0.24411159137928626,2.507338244790698e-07
26.25,0.5,0.3535533905932738,0.08788522991524662,0.03672664161544274,23.403132682592158,10.214412286909745,33.61754496950191,-32.86754496950191,8.605423231332006,8.605423231332006,0.0,6.192286219928147,29.193253177724106,1.0605390551611693e-15,0.1346041430978957,0.09096309429159172,0.20177257483805308,0.36119805139009803,0.1759015156628799,0.0,2.217222088058346,0.237874009988272,2.496975321179235e-07
26.5,0.5,0.3535533905932738,0.08788522991524662,0.03672664161544274,23.44293420068323,9.499611369224482,32.94254556990771,-32.19254556990771,8.682452708189631,8.682452708189631,0.0,6.078028784303964,30.353672581589745,1.3472894910096234e-15,0.11097665757629044,0.15838095572272481,0.26691694217699347,0.3644312330933838,0.17265585559675312,0.0,2.062061679535652,0.2079197418903169,2.486624717096321e-07
26.75,0.5,0.3535533905932738,0.08788522991524662,0.03672664161544274,22.081093949890594,7.759861994446166,29.84095594433676,-29.09095594433676,8.097805441037801,8.097805441037801,0.0,5.885483067814991,30.76598193988332,1.1500994243130258e-15,0.10338339339496029,0.23497158165644444,0.33605687812775753,0.3398916552052315,0.16718629521761444,0.0,1.6844177551380013,0.161624643447023,2.476288198212864e-07
27.0,0.5,0.3535533905932738,0.08788522991524662,0.03672664161544274,20.314392379681532,6.227861574231878,26.54225395391341,-25.79225395391341,7.345060285692342,7.345060285692342,0.0,5.624271808296846,31.074643814441483,1.9076784904469936e-15,0.10457045385472012,0.31347427156823443,0.40139836689903885,0.30829645343593615,0.15976618335172837,0.0,1.3518694816590728,0.12579596365168932,2.465967546538557e-07
27.25,0.5,0.3535533905932738,0.08788522991524662,0.03672664161544274,20.092111039890966,7.592594614816711,27.684705654707678,-26.934705654707678,7.380659496785778,7.380659496785778,0.0,5.330792046319411,32.858591106761054,2.086658193924118e-15,0.10435739621351371,0.3895586260516654,0.45654048984448337,0.3097906699703603,0.15142943451378288,0.0,1.6481093588926927,0.15229850989135035,2.4556644792093067e-07
27.5,0.5,0.3535533905932738,0.08788522991524662,0.03672664161544274,22.521345991133884,11.544145843973732,34.065491835107615,-33.315491835107615,8.730282505631592,8.730282505631592,0.0,5.060780979870699,37.016008658541736,5.836925621952896e-16,0.0991897423232485,0.45959373075676335,0.49663963668361555,0.36643880775531545,0.14375935045319335,0.0,2.505864697259961,0.2357575577276728,2.4453806646389344e-07
27.75,0.5,0.3535533905932738,0.08788522991524662,0.03672664161544274,26.40736731329538,15.875992919292742,42.28336023258812,-41.53336023258812,10.769584167474353,10.769584167474353,0.0,4.868198978346675,42.371367431084344,1.2412670766236366e-16,0.09456546615824027,0.5204203643267181,0.5187906629923592,0.4520350377899164,0.13828875934123086,0.0,3.4461700959168264,0.3374132382820125,2.435117764412471e-07
28.0,0.5,0.3535533905932738,0.08788522991524662,0.03672664161544274,30.10093918302948,19.437722916967534,49.53866209999701,-48.78866209999701,12.658366732993368,12.658366732993368,0.0,4.784205717042746,47.48122127408166,4.440892098500626e-16,0.10259604350637433,0.5694498626377612,0.5222975707565061,0.531313483930846,0.1359028001907507,0.0,4.219307717614859,0.43689031948371426,2.424877380417086e-07
28.25,0.5,0.3535533905932738,0.08788522991524662,0.03672664161544274,32.64872104286477,21.75584197165568,54.40456301452045,-53.65456301452045,13.919130731217956,13.919130731217956,0.0,4.810459580428856,51.480496565467654,3.608224830031759e-16,0.12892097846830317,0.6047946855529833,0.5086719948248305,0.584231915387357,0.13664858199049393,0.0,4.722497194055943,0.522121093027129,2.4146610539167424e-07
28.5,0.5,0.3535533905932738,0.08788522991524662,0.03672664161544274,33.68959590244633,22.719782602681732,56.40937850512806,-55.65937850512806,14.381148624022645,14.381148624022645,0.0,4.927298654401038,53.82005291886095,1.1775693440128313e-15,0.16619747167438353,0.6253471419157063,0.48129123827497483,0.6036243331804539,0.13996757750691768,0.0,4.931737862892746,0.5845116754848998,2.404470325703392e-07
28.75,0.5,0.3535533905932738,0.08788522991524662,0.03672664161544274,33.19511083173215,22.409810228119,55.60492105985115,-54.85492105985115,14.0442920779737,14.0442920779737,0.0,5.106526675784747,54.245179594810345,9.618818769909475e-16,0.20445633122169554,0.6307786769679073,0.4447120372063016,0.5894853507318192,0.1450588280549292,0.0,4.864452778223787,0.6179488639437886,2.3943066711881644e-07
29.0,0.5,0.3535533905932738,0.08788522991524662,0.03672664161544274,31.303371937803682,20.996614084009956,52.29998602181364,-51.54998602181364,12.991047438217812,12.991047438217812,0.0,5.321277061368054,52.74933492258045,1.6028844918025698e-15,0.2364925977559465,0.6214597177520746,0.403705862825332,0.5452771925401613,0.15115914657569196,0.0,4.557693111836223,0.6187779937364695,2.3841715313641588e-07
29.25,0.5,0.3535533905932738,0.08788522991524662,0.03672664161544274,28.239380489170884,18.696880760422406,46.93626124959329,-46.18626124959329,11.344129553305336,11.344129553305336,0.0,5.551121382560213,49.491869154036955,8.346309728765541e-16,0.25804189296809626,0.5983187511825037,0.36219269982102176,0.4761506063353116,0.15768823180015945,0.0,4.058494589348856,0.586205485614039,2.3740663030754698e-07
29.5,0.5,0.35355339059327373,0.0878852299152466,0.03672664161544273,24.273267065863042,15.755070432323734,40.02833749818677,-39.27833749818677,9.245322757588966,9.245322757588966,0.0,5.782621550685109,44.74186279095834,7.076311083754595e-16,0.2673635324315186,0.562670656633788,0.3224067679830809,0.388056749185219,0.16426435393067892,0.0,3.4199216930210254,0.5226534302573188,2.3639923306148474e-07
29.75,0.5,0.3535533905932738,0.08788522991524662,0.03672664161544274,19.693385426367296,12.44148709970407,32.13487252607136,-31.384872526071362,6.843008446776769,6.843008446776769,0.0,6.007368532813756,38.837681395148955,3.236828524569469e-16,0.26478608335604065,0.5160471559037447,0.28470230030709825,0.28722367862424897,0.17064864131549984,0.0,2.7006487726277717,0.43410029361237895,2.3539509141023358e-07
30.0,0.5,0.3535533905932738,0.08788522991524662,0.03672664161544274,14.793337172717775,9.084755913728994,23.878093086446768,-23.128093086446768,4.286411405500027,4.286411405500027,0.0,6.220514361717723,32.157229966463625,3.7238012298709097e-16,0.25210186175263893,0.46005671114061963,0.24817227772230174,0.17991485200702365,0.1767033799095863,0.0,1.9720098338259482,0.3313457115587676,2.343943340752051e-07
30.25,0.5,0.35355339059327384,0.08788522991524662,0.03672664161544273,9.865460721800668,6.201969441724139,16.067430163524808,-15.317430163524808,1.7224339485947264,1.7224339485947264,0.0,6.420592824611215,25.092274646907505,8.491573300505515e-16,0.23185155159271867,0.3962902985220562,0.21175262169405612,0.07229624495578334,0.18238691965960654,0.0,1.3462491281340172,0.234994038418583,2.333970813161623e-07
30.5,0.5,0.3535533905932738,0.08788522991524662,0.03672664161544274,8.026374942017705,4.797285543727203,12.82366048574491,-12.07366048574491,0.7086090473027589,0.7086090473027589,0.0,6.609156847412186,20.85824982619229,8.747410856390872e-16,0.20669508498852862,0.3262797131958128,0.1752077129501783,0.029742663457998558,0.1877433738402025,0.0,1.0413371980203225,0.18767631148053257,2.324034515311205e-07
30.75,0.5,0.3535533905932738,0.08788522991524662,0.03672664161544274,12.544321811071738,5.552525633130006,18.096847444201742,-17.346847444201742,2.8773632135241676,2.8773632135241676,0.0,6.789595384023403,22.81645891188168,1.489585139872352e-15,0.17914011869711577,0.25151966266008163,0.13965692210739641,0.120772442903498,0.19286901095493417,0.0,1.205275656834742,0.22292212097326894,2.314135577162508e-07
31.0,0.5,0.3535533905932738,0.08788522991524662,0.03672664161544274,16.304297346911273,7.249297416321247,23.55359476323252,-22.80359476323252,4.6691472747690055,4.6691472747690055,0.0,6.966002797373263,23.951640913001064,1.974856016430758e-15,0.15186266721990058,0.17363698211339254,0.10785508700080615,0.19597954126875705,0.1978801377472562,0.0,1.5735905212060484,0.2968980769364098,2.3042750892625188e-07
31.25,0.5,0.3535533905932738,0.08788522991524662,0.03672664161544274,19.118350971827102,8.785946511655718,27.90429748348282,-27.15429748348282,5.987960600111388,5.987960600111388,0.0,7.142429771604327,24.230274112808885,3.2398021848425308e-16,0.12865568557496276,0.09543567215370027,0.08480280425473355,0.2513344948202085,0.2028918201968152,0.0,1.9071478733149712,0.36490814008191824,2.2944540865017018e-07
31.5,0.5,0.35355339059327384,0.08788522991524662,0.03672664161544273,20.842982335496423,9.7336867768231,30.57666911231952,-29.82666911231952,6.7604727262818765,6.7604727262818765,0.0,7.322036882932667,24.13857087046642,3.0878077872387166e-16,0.11525556006714603,0.03770025098728593,0.07755930247047595,0.28375938167900516,0.2079938393839795,0.0,2.1128719610693256,0.40758400688630236,2.2846735815183413e-07
31.75,0.5,0.3535533905932738,0.08788522991524662,0.03672664161544274,21.384811429215276,9.926363847085396,31.311175276300673,-30.561175276300673,6.939288339961449,6.939288339961449,0.0,7.50623474929238,25.793041115494308,3.4361539932472465e-16,0.11719011268480019,0.08769935115894614,0.08879633499468229,0.29126486391769685,0.21322626610389914,0.0,2.1546959881448178,0.4166316469414073,2.2749345228386007e-07
32.0,0.5,0.3535533905932738,0.08788522991524662,0.03672664161544274,20.705244271612667,9.320860329412941,30.026104601025608,-29.276104601025608,6.505520068335302,6.505520068335302,0.0,7.694204134942061,27.28023226216807,3.469446951953614e-16,0.13427486168433225,0.16690017127132972,0.1128230860425883,0.2730581760820814,0.21856582869188027,0.0,2.0232605480949855,0.3898725767225391,2.2652378163584137e-07
32.25,0.5,0.3535533905932738,0.08788522991524662,0.03672664161544274,18.823567553549434,7.982993526696903,26.80656108024634,-26.05656108024634,5.470429054704441,5.470429054704441,0.0,7.882709444140552,27.827457031792832,3.8559277963506344e-16,0.1610866865104903,0.24739215501180217,0.1435778848983222,0.22961198557124027,0.2239206150213305,0.0,1.732852471492917,0.3308357317547108,2.2555843260927627e-07
32.5,0.5,0.3535533905932738,0.08788522991524662,0.03672664161544274,15.818425965006877,6.170160071759496,21.988586036766375,-21.238586036766375,3.876098296306103,3.876098296306103,0.0,8.066229372394671,27.32200887084792,4.443059973708341e-16,0.1924603025249359,0.3261521017331174,0.17751221172057174,0.16269265485104278,0.22913378385554134,0.0,1.3393443316844753,0.25187205635598375,2.2459748773750587e-07
32.75,0.5,0.3535533905932738,0.08788522991524662,0.03672664161544274,11.827943380754858,4.709210664063253,16.53715404481811,-15.78715404481811,1.7951766513541128,1.7951766513541128,0.0,8.237590078046631,25.797444371291096,4.47545209131181e-16,0.22527699936582524,0.40170590324999284,0.21220654805176992,0.07534949658364927,0.23400155107086074,0.0,1.0222189596813185,0.1882336590761764,2.2364102413190383e-07
33.0,0.5,0.3535533905932738,0.08788522991524662,0.03672664161544274,9.730449836694484,5.375519900364478,15.105969737058963,-14.355969737058963,0.6709244514590057,0.6709244514590057,0.0,8.388600933776472,26.060904858590558,1.146409435607475e-15,0.25758603279104064,0.472783610869179,0.24578427755966958,0.02816091643402562,0.2382912491663625,0.0,1.1668533757110753,0.20913579069639937,2.22689115350386e-07
33.25,0.5,0.3535533905932738,0.08788522991524662,0.03672664161544274,15.300262915606332,8.275680154363103,23.575943069969433,-22.825943069969433,3.395024058068663,3.395024058068663,0.0,8.510214799469004,33.817715102484456,1.8875832159447664e-16,0.2875338584335062,0.5380859145153012,0.2771243826230995,0.1425003792645644,0.24174588006376738,0.0,1.7963853735838642,0.31147651169089086,2.2174183008942886e-07
33.5,0.5,0.3535533905932738,0.08788522991524662,0.03672664161544274,21.04778833581676,12.06414281647935,33.11193115229611,-32.36193115229611,6.227500579580575,6.227500579580575,0.0,8.592787176655612,41.49557831029854,5.900916318210353e-16,0.31279173536257987,0.5961962904541688,0.30617077063765114,0.261388779367106,0.24409147679220478,0.0,2.61873940221391,0.43657024500941866,2.2079923340831246e-07
33.75,0.5,0.3535533905932738,0.08788522991524662,0.03672664161544274,26.62880266839121,16.021061414078147,42.64986408246936,-41.89986408246936,9.0010713337451,9.0010713337451,0.0,8.626660000901007,48.653381767431455,6.407872222066844e-16,0.3306007609578533,0.6455325254631656,0.3338625388484062,0.3778047097479903,0.24505368701843303,0.0,3.4776598245360435,0.5539793031720693,2.1986138492427174e-07
34.0,0.5,0.3535533905932738,0.08788522991524662,0.03672664161544274,31.67674698810395,19.737622841515996,51.41436982961994,-50.66436982961994,11.537496934412808,11.537496934412808,0.0,8.601753119278337,54.82648574136271,5.064917260848195e-16,0.3383176249386209,0.6843348117999019,0.36147565301498796,0.48426687434222687,0.2443461683294932,0.0,4.284406395662938,0.648152603628815,2.189283404458364e-07
34.25,0.5,0.3535533905932738,0.08788522991524662,0.03672664161544274,35.81388185993609,22.88787066977725,58.70175252971334,-57.95175252971334,13.654196220025801,13.654196220025801,0.0,8.505489419884494,59.55894110931177,3.803279846206874e-16,0.33419523840524357,0.7107102468947721,0.3895534905174104,0.5731117384226521,0.24161164831131338,0.0,4.968224404128294,0.709589395400193,2.180001517443498e-07
34.5,0.5,0.3535533905932738,0.08788522991524662,0.03672664161544274,38.66481300611523,25.176702380281554,63.841515386396786,-63.091515386396786,15.172020683962108,15.172020683962108,0.0,8.320771638191017,62.43856267072032,8.55033921484636e-16,0.31811010848869076,0.7227524126286586,0.41699461226001067,0.6368198471336695,0.23636445258815691,0.0,5.465056535222333,0.7329857850811703,2.1707686855806374e-07
34.75,0.5,0.35355339059327384,0.08788522991524662,0.03672664161544273,39.88400039024443,26.340594712212315,66.22459510245675,-65.47459510245675,15.929414268826264,15.929414268826264,0.0,8.025171852591901,63.140299894654326,7.771561172376096e-16,0.2920071098555731,0.7187393466147143,0.4408681519998483,0.6686101588515451,0.2279674811837714,0.0,5.717700320688653,0.7170485770602667,2.1615852980279012e-07
35.0,0.5,0.3535533905932738,0.08788522991524662,0.03672664161544274,39.19787675640791,26.16918074587803,65.36705750228595,-64.61705750228595,15.80431099549622,15.80431099549622,0.0,7.589254765415462,61.47530366129307,1.2502338752668161e-15,0.25988547282770647,0.6973915632853426,0.457051499310226,0.6633591610406753,0.21558457871215844,0.0,5.680491833143551,0.6644585208847658,2.152451783177316e-07
35.25,0.5,0.3535533905932738,0.08788522991524662,0.03672664161544274,36.46526552598404,24.53996628495651,61.00523181094054,-60.25523181094054,14.745934150030948,14.745934150030948,0.0,6.973397225922133,57.444214215985056,1.1551122306821434e-15,0.22712754136272229,0.6581536822585982,0.46131850752027254,0.6189355872149771,0.1980901879844402,0.0,5.326841501878909,0.5814671664649815,2.1433685009718986e-07
35.5,0.5,0.3535533905932738,0.08788522991524662,0.03672664161544274,31.79470165366478,21.4847293820248,53.27943103568958,-52.52943103568958,12.832266516232417,12.832266516232417,0.0,6.13016862119994,51.32158623725361,1.3065773236608868e-15,0.19892183199113125,0.6014582431709323,0.45042961106504836,0.5386126325205874,0.1741369687124392,0.0,4.663647325341454,0.47740960674512734,2.134335731178688e-07
35.75,0.5,0.3535533905932738,0.08788522991524662,0.03672664161544274,25.75186557139034,17.301956382628997,43.05382195401934,-42.30382195401934,10.36519036090227,10.36519036090227,0.0,5.0214848495857956,43.80262045401514,1.7039753472859274e-15,0.17798024479291893,0.5289479027251248,0.42295555064064405,0.4350612933265135,0.14264308278866658,0.0,3.7557011388066033,0.3644556691844073,2.1253537725465954e-07
36.0,0.5,0.3535533905932738,0.08788522991524662,0.03672664161544274,19.57462781859967,12.671443871880307,32.24607169047998,-31.49607169047998,7.963347828566222,7.963347828566222,0.0,3.6479321614672244,36.174825885130204,2.0284370173088665e-15,0.16333384545435026,0.44369173961023783,0.3797547866563965,0.3342480248672752,0.10362518356667565,0.0,2.750565030190742,0.25744088447459734,2.1164228606768192e-07
36.25,0.5,0.3535533905932738,0.08788522991524662,0.03672664161544274,14.960674986511735,8.683060219086947,23.64373520559868,-22.89373520559868,6.4414379195891645,6.4414379195891645,0.0,2.0777991473334083,30.147965601246415,1.9478403400799704e-15,0.1525131140205814,0.3506060070958132,0.324157564056082,0.2703684365267135,0.05902311461036227,0.0,1.8848145511389849,0.17406450111712893,2.107543190408088e-07
36.5,0.5,0.3535533905932738,0.08788522991524662,0.03672664161544274,12.636809422346367,6.512451294349136,19.1492607166955,-18.3992607166955,6.014436309257916,6.014436309257916,0.0,0.6079368038305348,26.455177093189473,9.238896857051836e-16,0.1460105695933939,0.2578966069920988,0.2620529925816977,0.2524457678274533,0.017269389918846294,0.0,1.413644804189081,0.1320794404569768,2.0987149268869485e-07
36.75,0.5,0.3535533905932738,0.08788522991524662,0.03672664161544274,13.107018380981252,6.06405135015193,19.17106973113318,-18.42106973113318,5.812139469102189,5.812139469102189,0.0,1.4827394427768725,24.62079370540849,1.4983512726234129e-15,0.1496196566414687,0.18240629196519903,0.20230860586675564,0.24395470091506946,0.04211951871317283,0.0,1.31631152326872,0.12732575514286396,2.0899381908122194e-07
37.0,0.5,0.3535533905932738,0.08788522991524662,0.03672664161544274,12.969387464164814,5.9659952060122174,18.93538267017703,-18.18538267017703,4.991531830857394,4.991531830857394,0.0,2.9863238024500265,23.38236134587534,1.6078032589857373e-15,0.1699724737633647,0.15856085145019982,0.1577848808650009,0.20951108647311345,0.08483116969312018,0.0,1.295026671771681,0.1320102235314036,2.081213083757562e-07
37.25,0.5,0.35355339059327384,0.08788522991524662,0.03672664161544273,10.958801495355027,5.907317897652891,16.866119393007917,-16.116119393007917,3.3163027869587403,3.3163027869587403,0.0,4.326195921437548,22.34261964243063,1.303460877032889e-15,0.20653767667751308,0.2008063410068685,0.14249830305155534,0.13919618736563152,0.12289231999425632,0.0,1.2822897055608249,0.1393037518794428,2.0725396593134885e-07
37.5,0.5,0.3535533905932738,0.08788522991524662,0.03672664161544274,7.32472328477623,6.808501942425008,14.133225227201237,-13.383225227201237,0.9337900400708208,0.9337900400708208,0.0,5.457143204634589,20.724726753518762,9.634823471110655e-16,0.2520223426143583,0.27207395149254965,0.15619384124096303,0.03919425388085823,0.1550186355720082,0.0,1.4779079274760696,0.17201643538499076,2.0639179482789234e-07
37.75,0.5,0.3535533905932738,0.08788522991524662,0.03672664161544274,10.12451396785912,9.155632058883638,19.280146026742756,-18.530146026742756,1.8685501848901078,1.8685501848901078,0.0,6.387413598078904,25.750384010837873,9.739201700399852e-16,0.2980441032627684,0.34590494337615924,0.18292305519086202,0.07842922626391802,0.1814444121545799,0.0,1.987394777192166,0.24801946856216073,2.0553479394650822e-07
38.0,0.5,0.3535533905932738,0.08788522991524662,0.03672664161544274,16.71108098327326,12.357956248136366,29.069037231409624,-28.319037231409624,4.785808905308782,4.785808905308782,0.0,7.139463172655695,34.365485693279474,5.855045090355223e-16,0.3380169545599099,0.41243953294717256,0.2105507504390066,0.20087621543459427,0.20280754934225606,0.0,2.682516897398143,0.3581171703882969,2.0468295969205476e-07
38.25,0.5,0.35355339059327384,0.08788522991524662,0.03672664161544273,22.819464395553606,15.697608884358734,38.51707327991234,-37.76707327991234,7.541202018415136,7.541202018415136,0.0,7.737060358723333,42.09949892191552,7.447602459741819e-16,0.36779825634727703,0.4678669637804703,0.23488341854701858,0.31652917014855547,0.2197832263461509,0.0,3.4074486294924142,0.4845828707741386,2.0383628435737927e-07
38.5,0.5,0.3535533905932738,0.08788522991524662,0.03672664161544274,28.01032605160516,18.66515087245372,46.67547692405888,-45.92547692405888,9.903640792074288,9.903640792074288,0.0,8.203044467456577,48.422220058423754,6.855121490028353e-16,0.38565640554946473,0.5107537003894316,0.2556711683595266,0.41568853263839073,0.23302022930270117,0.0,4.051607045897536,0.6105506752229053,2.0299476043417813e-07
38.75,0.5,0.3535533905932738,0.08788522991524662,0.03672664161544274,31.95161691604154,20.918364263018315,52.869981179059856,-52.119981179059856,11.696326209500658,11.696326209500658,0.0,8.558964497040222,52.98826007379178,7.32373872767076e-16,0.39188849817997484,0.5408548559335807,0.2735941329445529,0.4909334639013035,0.243130691002139,0.0,4.540707579373271,0.7208158278035642,2.0215837270397692e-07
39.0,0.5,0.3535533905932738,0.08788522991524662,0.03672664161544274,34.41996501064067,22.23650305450417,56.656468065144836,-55.906468065144836,12.798177110001827,12.798177110001827,0.0,8.823610790637007,55.610904404037385,1.962615573354719e-16,0.38811832579181926,0.5586190405835794,0.28872671483426704,0.5371817874857141,0.25064838035061004,0.0,4.826833335952966,0.802249302556256,2.0132710731488376e-07
39.25,0.5,0.3535533905932738,0.08788522991524662,0.03672664161544274,35.29729714414377,22.49788320811607,57.795180352259834,-57.045180352259834,13.142439982007064,13.142439982007064,0.0,9.012417180129635,56.23169331399513,6.206335383118183e-17,0.3764037940243436,0.5649289444428213,0.3002118666560632,0.5516316379104448,0.2560117193338289,0.0,4.883570604205892,0.844577600940889,2.0050094725705094e-07
39.5,0.5,0.3535533905932738,0.08788522991524662,0.03672664161544274,34.57071432373944,21.671446131811404,56.242160455550845,-55.492160455550845,12.716188131932086,12.716188131932086,0.0,9.138338059875263,54.89667237053075,6.33076631559706e-16,0.3584294683479056,0.5609420897135284,0.306785453706704,0.5337404391268755,0.25958869766044057,0.0,4.704177557547557,0.8413203148283737,1.9967987050427419e-07
39.75,0.5,0.3535533905932738,0.08788522991524662,0.03672664161544274,32.329407802710605,19.811685205207382,52.14109300791799,-51.39109300791799,11.55854733315114,11.55854733315114,0.0,9.212313136408323,51.74053102352668,8.830679670797666e-16,0.3350981280188086,0.5479761661780371,0.3075744927910616,0.48515042914259815,0.26169007469975863,0.0,4.300482965127516,0.7905381902289298,1.9886385262303505e-07
40.0,0.5,0.3535533905932738,0.08788522991524662,0.03672664161544274,28.754663532456746,17.05321420407581,45.80787773653256,-45.05787773653256,9.756016511862025,9.756016511862025,0.0,9.24263050873269,46.97800239636284,5.721958498152797e-16,0.30667027403434716,0.5274099975156747,0.3026563616940861,0.4094922537434268,0.26255128678740564,0.0,3.7017071705753946,0.6952260791945202,1.9805287385332068e-07
40.25,0.5,0.3535533905932738,0.08788522991524662,0.03672664161544274,24.107124608458538,13.611144076590044,37.718268685048585,-36.968268685048585,7.4363419079966615,7.4363419079966615,0.0,9.234440792465216,40.90209925210982,7.991485278462367e-16,0.2733053979272773,0.5005890653575437,0.29312067085087823,0.31212784478273264,0.2623186451663414,0.0,2.9545438780688045,0.563584661868237,1.9724690329611664e-07
40.5,0.5,0.3535533905932738,0.08788522991524662,0.03672664161544274,18.712248327464472,9.806183067106355,28.518431394570825,-27.768431394570825,4.7611166380984296,4.7611166380984296,0.0,9.19001505126761,33.881834622976235,1.5852905047438163e-15,0.23566890629870518,0.4687406543521452,0.28061799573850477,0.19983979937915727,0.2610566629301268,0.0,2.1286085861049466,0.4099817577012166,1.9644591131170048e-07
40.75,0.5,0.3535533905932738,0.08788522991524662,0.03672664161544274,12.941253476301418,6.213725984303344,19.15497946060476,-18.40497946060476,1.916102801878122,1.916102801878122,0.0,9.109047872545174,26.351358532675526,7.447602459741819e-16,0.19534406358519407,0.4329142563246151,0.26659062843160497,0.08042516674619826,0.2587566643592615,0.0,1.34880109736667,0.26079005033990826,1.9564986718266078e-07
41.0,0.5,0.3535533905932738,0.08788522991524662,0.03672664161544274,10.78882907435367,4.3641795677095985,15.153008642063268,-14.403008642063268,0.9000638167903715,0.9000638167903715,0.0,8.988701440772926,22.39316344239068,7.696856831808123e-16,0.15508203451047417,0.3939634946066207,0.2515802969684821,0.037778652834614276,0.2553380368925222,0.0,0.9473237482473029,0.18280923539288935,1.948587385827769e-07
41.25,0.5,0.3535533905932738,0.08788522991524662,0.03672664161544274,15.799200364065715,5.831424209748414,21.63062457381413,-20.88062457381413,3.4876417504976733,3.4876417504976733,0.0,8.82391686307037,25.677082740565258,7.575797802392804e-16,0.1193226698972711,0.35257700164462485,0.2350514780149511,0.14638784988980963,0.25065707481385335,0.0,1.2658156142044725,0.24238459299687026,1.9407249016699199e-07
41.5,0.5,0.3535533905932738,0.08788522991524662,0.03672664161544274,19.924377233069045,8.452903258387384,28.37728049145643,-27.62728049145643,5.658073602404073,5.658073602404073,0.0,8.608230028260904,28.34923170243874,9.27660308195207e-16,0.09542976376514699,0.30935460487160416,0.21587501664837705,0.2374880473477617,0.24453015499716008,0.0,1.8348548390528143,0.3466042524651861,1.9329108464852365e-07
41.75,0.5,0.3535533905932738,0.08788522991524662,0.03672664161544274,22.82785019720312,10.695144931951369,33.52299512915449,-32.77299512915449,7.246643325904566,7.246643325904566,0.0,8.334563545393989,30.300318188966592,5.775561153410717e-16,0.09211126513062215,0.26492437384009787,0.19316957465860768,0.3041655683947852,0.23675623315105743,0.0,2.3215737638178013,0.4300798731694887,1.9251448654702903e-07
42.0,0.5,0.3535533905932738,0.08788522991524662,0.03672664161544274,24.243690088916036,12.077949090978727,36.32163917989476,-35.57163917989476,8.124096166877205,8.124096166877205,0.0,7.995497755161622,31.271896289449398,5.525032997054197e-16,0.10863324399035611,0.22012356861737173,0.16705167713715752,0.34099516385176143,0.22712454231942827,0.0,2.6217363026633898,0.4734704714899645,1.9174265434315233e-07
42.25,0.5,0.35355339059327384,0.08788522991524662,0.03672664161544273,23.996335117165764,12.416630178177869,36.41296529534363,-35.66296529534363,8.206453615510135,8.206453615510135,0.0,7.5834278861454925,30.88129269409456,7.356536646906703e-16,0.13467784125484367,0.17636086805547893,0.13913369865453717,0.34445197813782286,0.21541905714891513,0.0,2.695253130284288,0.47163436725556757,1.909755480399789e-07
42.5,0.5,0.35355339059327373,0.0878852299152466,0.03672664161544273,22.01903796024248,11.68452347335553,33.70356143359801,-32.95356143359801,7.46385687731814,7.46385687731814,0.0,7.091324205606201,28.93146130859614,7.522221863658169e-16,0.161666190192711,0.13654637831532807,0.11313861170599004,0.31328273897396663,0.20144008715370265,0.0,2.5363361890885674,0.42740966821663134,1.902131258199793e-07
42.75,0.5,0.3535533905932738,0.08788522991524662,0.03672664161544274,18.369305280283758,10.02549575238405,28.394801032667807,-27.644801032667807,5.927846349344763,5.927846349344763,0.0,6.513612581594235,25.516700117555573,5.059686135104363e-16,0.18424306806904955,0.1074212336373192,0.09630411513662407,0.2488113010557665,0.1850292904510678,0.0,2.176214352969504,0.35097816585023556,1.894553453851627e-07
43.0,0.5,0.3535533905932738,0.08788522991524662,0.03672664161544274,13.235907165086385,7.8738823874784245,21.10978955256481,-20.35978955256481,3.6948442020078462,3.6948442020078462,0.0,5.84621876107069,21.029923724093933,5.013320832966251e-16,0.19864194469466806,0.10120484866508665,0.09897645291963725,0.15508482152232994,0.16607093155022654,0.0,1.7091679342789199,0.26219659345580265,1.887021624785311e-07
43.25,0.5,0.35355339059327373,0.0878852299152466,0.03672664161544273,6.941674589400506,6.3260008338177665,13.267675423218272,-12.517675423218272,0.9271709624669935,0.9271709624669935,0.0,5.08733266446652,15.867421134361695,8.717637042543142e-16,0.20220800336693337,0.12358389831230572,0.12524507769810223,0.03891642931973757,0.14451359232734584,0.0,1.3731723748601221,0.1991744062574448,1.879535326860724e-07
43.5,0.5,0.3535533905932738,0.08788522991524662,0.03672664161544274,8.535273255713587,7.034297790833124,15.569571046546711,-14.819571046546711,2.1459561051674423,2.1459561051674423,0.0,4.243361045378703,18.816524627512763,1.2585248453105973e-15,0.1935915447543629,0.16512104829859284,0.16987396757331558,0.09007286948223545,0.12053926657731226,0.0,1.5269209816215286,0.2082517671803035,1.8720941084941443e-07
43.75,0.5,0.3535533905932738,0.08788522991524662,0.03672664161544274,13.812150906544275,9.676734818813937,23.488885725358212,-22.738885725358212,5.23255323735364,5.23255323735364,0.0,3.347044431836997,25.438794436958354,9.654792038585928e-16,0.17302340331686633,0.21669847807008924,0.22726478063331473,0.21962755140801352,0.09507799989225338,0.0,2.100509513215336,0.2681307520079608,1.8646975080660835e-07
44.0,0.5,0.3535533905932738,0.08788522991524662,0.03672664161544274,18.50051448100512,12.621578395688998,31.12209287669412,-30.37209287669412,7.993798664845713,7.993798664845713,0.0,2.5129171513136974,31.32722812143217,6.961062950497062e-16,0.142399878585372,0.27399822918395866,0.29324925135140234,0.3355261470969065,0.0713833178816555,0.0,2.739740830800963,0.32633409923685297,1.857345069812786e-07
44.25,0.5,0.3535533905932738,0.08788522991524662,0.03672664161544274,22.234773907904216,14.778344235965015,37.013118143869235,-36.263118143869235,10.072686125027747,10.072686125027747,0.0,2.0894016578487244,35.90785666976362,1.6401643046719713e-15,0.10515525099557692,0.334737149874543,0.36345349827629164,0.4227839239071277,0.05935270195704702,0.0,3.2079056870363143,0.3563972541885516,1.8500363108669273e-07
44.5,0.5,0.3535533905932738,0.08788522991524662,0.03672664161544274,24.845848924986846,15.459598043325151,40.305446968312,-39.555446968312,11.153080848656641,11.153080848656641,0.0,2.5396872276735647,38.775662224233685,1.5052122729293514e-15,0.06644316864434317,0.3970161228544954,0.4326783938470752,0.46813166084190905,0.0721437635133444,0.0,3.35578409127779,0.3490137225405915,1.842770775137887e-07
44.75,0.5,0.3535533905932738,0.08788522991524662,0.03672664161544274,25.85477243613385,14.376633207895011,40.23140564402886,-39.48140564402886,11.100698896395716,11.100698896395716,0.0,3.6533746433424166,39.81469743495744,1.6946818973100072e-15,0.037672287597058714,0.4586869136543008,0.4951979355897,0.4659330171987043,0.10377978572439457,0.0,3.1207070759527484,0.30662560816594486,1.835547979754105e-07
45.0,0.5,0.3535533905932738,0.08788522991524662,0.03672664161544274,25.4381170563696,12.083929964835844,37.522047021205445,-36.772047021205445,10.22828022956838,10.22828022956838,0.0,4.981556597232842,40.08287432648337,1.5151595604785607e-15,0.04564954498376316,0.5171834028509569,0.5454601958796764,0.42931472266705867,0.14150885871419608,0.0,2.6230345590142607,0.24731660314321305,1.8283674601490282e-07
45.25,0.5,0.35355339059327373,0.0878852299152466,0.03672664161544273,25.386294118519345,10.829104098018485,36.21539821653783,-35.46539821653783,9.569162721925771,9.569162721925771,0.0,6.247968674667805,41.17183547772654,4.002966042486721e-16,0.07708974879993641,0.5696000808380848,0.5788719903184011,0.40164938268345396,0.17748326234523024,0.0,2.350652012625374,0.21732039600044017,1.821228728083595e-07
45.5,0.5,0.3535533905932738,0.08788522991524662,0.03672664161544274,27.998958582538993,13.242399340584612,41.2413579231236,-40.4913579231236,10.36263439265343,10.36263439265343,0.0,7.273689797232128,44.97399553097692,4.163336342344337e-17,0.11283539237076232,0.6129187009937506,0.5924720368392641,0.43495401089239283,0.20662046526163372,0.0,2.8745011942059,0.26713023634843214,1.8141313212702745e-07
45.75,0.5,0.3535533905932738,0.08788522991524662,0.03672664161544274,32.858713717486054,17.927233837800095,50.78594755528615,-50.03594755528615,12.451684847174219,12.451684847174219,0.0,7.955344023137618,51.01663972680524,1.1775693440128313e-15,0.1504551300664486,0.6443121741634797,0.5853662859468233,0.5226383621606931,0.2259839131444052,0.0,3.8914288680022406,0.37232148441671686,1.8070747608277268e-07
46.0,0.5,0.3535533905932738,0.08788522991524662,0.03672664161544274,37.45914288534668,22.274252868616625,59.73339575396331,-58.98339575396331,14.594786995227121,14.594786995227121,0.0,8.269568894892446,56.74156203609514,1.3092278833360677e-15,0.18943035107994963,0.6614616923403941,0.5588505423053758,0.6125914416313496,0.23490995907276824,0.0,4.835027612757075,0.4855686125426589,1.8000585851734966e-07
46.25,0.5,0.35355339059327373,0.0878852299152466,0.03672664161544273,39.984059425424675,24.9501729696729,64.93423239509758,-64.18423239509758,15.861879707854726,15.861879707854726,0.0,8.260300009715221,60.22146172331989,1.3186089465011212e-15,0.22788237579750167,0.6628301691531523,0.5161937213464449,0.6657755101458788,0.23464666198131073,0.0,5.415884248194128,0.5783273635188132,1.793082321253981e-07
46.5,0.5,0.35355339059327384,0.08788522991524662,0.03672664161544273,39.794301885368604,25.557175693397774,65.35147757876638,-64.60147757876638,15.893901254459307,15.893901254459307,0.0,8.006499376449991,60.668660230063765,1.2560739669470201e-15,0.26239002446541204,0.6478480692124859,0.4621022513422429,0.6671195602785858,0.2274370604735706,0.0,5.547645117909472,0.6341317947042492,1.786145513861181e-07
46.75,0.5,0.3535533905932738,0.08788522991524662,0.03672664161544274,37.00853478658349,24.220997839409023,61.22953262599251,-60.47953262599251,14.709968462350783,14.709968462350783,0.0,7.588597861881925,58.061192450950216,8.675560052622147e-16,0.28886395322387315,0.6169868099995968,0.4019323096659694,0.6174259884471115,0.21556591834616606,0.0,5.257603658036649,0.6444704870489771,1.7792477025592046e-07
47.0,0.5,0.3535533905932738,0.08788522991524662,0.03672664161544274,32.1187165867308,21.32631893958035,53.445035526311145,-52.695035526311145,12.523600120423408,12.523600120423408,0.0,7.071516345883977,52.795317984553286,1.1713379070027003e-15,0.3036598115630527,0.5717181231609894,0.3407679105463189,0.525656883837607,0.2008774141080086,0.0,4.629261486773235,0.6075236228522333,1.7723884362944834e-07
47.25,0.5,0.3535533905932738,0.08788522991524662,0.03672664161544274,25.777506711414773,17.37675768087426,43.154264392289036,-42.404264392289036,9.635721126166862,9.635721126166862,0.0,6.506064459081047,45.490894881786005,2.7201880167252704e-15,0.3045038576611072,0.5143822949627235,0.28255407074158645,0.40444305886523507,0.18481487429791812,0.0,3.7719381073199445,0.5279609570800904,1.7655672652448446e-07
47.5,0.5,0.3535533905932738,0.08788522991524662,0.03672664161544274,18.69717274874614,12.941295241700512,31.638467990446653,-30.888467990446653,6.3799702543407175,6.3799702543407175,0.0,5.937232240064709,36.89398350058022,2.281535328170445e-15,0.2910591833907245,0.4480126397374435,0.2295671275265424,0.26778843548383613,0.16865631089675573,0.0,2.809141128438209,0.41724694168763693,1.758783758452561e-07
47.75,0.5,0.3535533905932738,0.08788522991524662,0.03672664161544274,11.583479036523643,8.667369061023932,20.250848097547575,-19.500848097547575,3.086854596634882,3.086854596634882,0.0,5.409769843253878,27.80778265352162,2.1234829358376853e-15,0.26510351857247827,0.3761922722614716,0.18255189477844602,0.129565488559533,0.15367292160257076,0.0,1.881408502776406,0.29483837498348875,1.75203747816682e-07
48.0,0.5,0.3535533905932738,0.08788522991524662,0.03672664161544274,5.085703091487426,5.460693312483732,10.546396403971158,-9.796396403971158,0.057887920941252,0.057887920941252,0.0,4.969927249604923,19.03871072131507,1.316727110750743e-15,0.23039369825695055,0.30307388145101316,0.14173438663380783,0.002429747344311366,0.14117850901761092,0.0,1.185341798281224,0.19479815203995987,1.745328012775142e-07
48.25,0.5,0.3535533905932738,0.08788522991524662,0.03672664161544274,9.564526365891089,4.591670937492385,14.156197303383474,-13.406197303383474,2.450224406378027,2.450224406378027,0.0,4.664077553135037,21.169842977295787,2.370990703202335e-15,0.19239982585009405,0.23383926733663304,0.10866629619977784,0.10284401560052198,0.13249037296198965,0.0,0.9967048458334512,0.17071027504433856,1.738654946403717e-07
48.5,0.5,0.3535533905932738,0.08788522991524662,0.03672664161544274,13.005854367654878,5.506282890158545,18.51213725781342,-17.76213725781342,4.237112282788117,4.237112282788117,0.0,4.531629802078646,22.510737839213924,2.141197653213725e-15,0.15813202708621224,0.17618256166085688,0.08829936908226117,0.17784560490782816,0.12872798871011484,0.0,1.1952378369143413,0.21203820764898942,1.7320178748985664e-07
48.75,0.5,0.3535533905932738,0.08788522991524662,0.03672664161544274,14.930883631351625,6.268533360266895,21.19941699161852,-20.44941699161852,5.169288492816515,5.169288492816515,0.0,4.592306645718597,23.059017932072386,2.2619623424159253e-15,0.13569712343842755,0.14255437292352388,0.08694351977073185,0.21697212100857635,0.13045160877269502,0.0,1.3606980250764158,0.2485028309274468,1.7254164079818302e-07
49.0,0.5,0.35355339059327373,0.0878852299152466,0.03672664161544273,15.21109612810018,6.10509356734991,21.316189695450092,-20.566189695450092,5.186754653208196,5.186754653208196,0.0,4.837586821683788,23.102583705104944,1.9111583240355552e-15,0.13125525857386366,0.14403095742003008,0.10250873443999572,0.21770523348069412,0.13741917344622126,0.0,1.3252204754392594,0.24765552816387024,1.7188501498024537e-07
49.25,0.5,0.3535533905932738,0.08788522991524662,0.03672664161544274,13.844482971648137,4.9746551294984025,18.81913810114654,-18.06913810114654,4.304217865209165,4.304217865209165,0.0,5.236047241229809,22.450104376252348,2.0219822536792537e-15,0.14361655784095761,0.17296310250088212,0.12624184072636693,0.1806622479660835,0.1487380610493569,0.0,1.079838459989712,0.20527050755743095,1.7123187492772012e-07
49.5,0.5,0.3535533905932738,0.08788522991524662,0.03672664161544274,10.964717458448728,3.590497927373577,14.555215385822304,-13.805215385822304,2.6084920368737907,2.6084920368737907,0.0,5.747733384701146,20.706106476927165,2.2138442859597504e-15,0.16582335916694643,0.21296346159896198,0.15241334168500717,0.10948703107999996,0.16327330134407092,0.0,0.77938221877951,0.1498217202735224,1.705821837684785e-07
49.75,0.5,0.3535533905932738,0.08788522991524662,0.03672664161544274,6.839730870741344,4.365486591415021,11.205217462156366,-10.455217462156366,0.2519541613139922,0.2519541613139922,0.0,6.335822548113359,17.788914379635827,1.9478403400799704e-15,0.19145073944064112,0.25473679433118573,0.17909813959007323,0.010575348784112502,0.17997888818471341,0.0,0.9476074612743355,0.18313854344761846,1.699359063878393e-07
50.0,0.5,0.3535533905932738,0.08788522991524662,0.03672664161544274,12.088912670531583,7.734860805196501,19.823773475728082,-19.073773475728082,2.558949272254246,2.558949272254246,0.0,6.97101412602309,24.154803327043275,1.946900799616796e-15,0.21630228167735643,0.29480074560852126,0.20605931078265452,0.10740755752477682,0.19802249232740343,0.0,1.6789907968877331,0.32434552492008606,1.6929300934593634e-07
