label,box_id,sigma,t,main_abs,D0_abs,Drest_abs,RvecTail_abs,rest_combined,rest_separate,z0_re,z0_im,destructive_ratio,angle_D0_over_M,bounded_surplus_combined,angular_surplus_combined,angular_surplus_separate,failure_class
angular_seed_hurts_sigma0740_t14p25_14p35,s0.74_t0,0.74,14.25,0.043796795269547516,0.07907417767974118,0.01866417774542934,0.0003407827948057025,0.01837439362440991,0.019004960540235042,-1.4449845273796533,-1.0824845398780198,1.4449845273796533,-143.16193464060703,-0.03786328986817292,-0.037863289868172945,-0.03849385678399808,lambda_ge_one
angular_seed_hurts_sigma0740_t14p25_14p35,s0.74_t0,0.74,14.251,0.04431088983397709,0.07906725345502669,0.018662578504689834,0.00034135540642518566,0.018370499050058216,0.01900393391111502,-1.4261329596219352,-1.072445653530553,1.4261329596219352,-143.05699663538525,-0.0372528296784924,-0.037252829678492395,-0.0378862645395492,lambda_ge_one
angular_seed_hurts_sigma0740_t14p25_14p35,s0.74_t1,0.74,14.252,0.04482655862844083,0.07906032960423708,0.018660980388157465,0.00034193191944779163,0.01836662815187368,0.019002912307605258,-1.407844774766182,-1.0623508782102937,1.407844774766182,-142.9620235941271,-0.03664890585923318,-0.03664890585923318,-0.03728519001496476,lambda_ge_one
angular_seed_hurts_sigma0740_t14p25_14p35,s0.74_t1,0.74,14.253,0.04534370383325782,0.07905340612741153,0.0186593833997794,0.000342512315230937,0.018362781144541852,0.019001895715010337,-1.3901011788322226,-1.0522138571319568,1.3901011788322226,-142.8767084599505,-0.0360514134625149,-0.0360514134625149,-0.03669052803298338,lambda_ge_one
angular_seed_hurts_sigma0740_t14p25_14p35,s0.74_t2,0.74,14.254,0.04586223109554801,0.0790464830245935,0.018657787543506228,0.00034309657512176096,0.018358958241309516,0.01900088411862799,-1.3728838876461185,-1.0420470877424537,1.3728838876461185,-142.80075467075235,-0.03546024526834213,-0.035460245268342155,-0.03610217114566063,lambda_ge_one
angular_seed_hurts_sigma0740_t14p25_14p35,s0.74_t2,0.74,14.255,0.04638204936919157,0.07903956029582138,0.018656192823289803,0.0003436846804586784,0.01835515965396581,0.018999877503748482,-1.3561751350412024,-1.0318620049668221,1.3561751350412024,-142.73387585367448,-0.03487529235152535,-0.03487529235152533,-0.035520010201308,lambda_ge_one
angular_seed_hurts_sigma0740_t14p25_14p35,s0.74_t3,0.74,14.256,0.046903070762195,0.07903263794113756,0.018654599243085282,0.0003442766125743618,0.018351385592827025,0.018998875855659642,-1.339957677275002,-1.0216690590232747,1.339957677275002,-142.67579551768492,-0.03429644458620788,-0.03429644458620789,-0.03494393484904051,lambda_ge_one
angular_seed_hurts_sigma0740_t14p25_14p35,s0.74_t3,0.74,14.257,0.04742521039117231,0.07902571596058253,0.018653006806849785,0.0003448723527974473,0.018347636266718474,0.01899787915964723,-1.324214794203881,-1.0114777880753627,1.324214794203881,-142.62624674608983,-0.033723591093768164,-0.03372359109376817,-0.034373833986696925,lambda_ge_one
angular_seed_hurts_sigma0740_t14p25_14p35,s0.74_t4,0.74,14.258,0.04794838624269558,0.07901879435419654,0.01865141551854273,0.00034547188245497197,0.018343911882957496,0.018996887400997704,-1.3089302876951716,-1.0012968859902258,1.3089302876951716,-142.58497189055868,-0.03315662063943265,-0.03315662063943265,-0.03380959615747286,lambda_ge_one
angular_seed_hurts_sigma0740_t14p25_14p35,s0.74_t4,0.74,14.259,0.04847251904123233,0.07901187312202042,0.01864982538212604,0.0003460751828730889,0.018340212647338677,0.01899590056499913,-1.294088477699986,-0.9911342654722941,1.294088477699986,-142.55172226794883,-0.03259542198245828,-0.032595421982458274,-0.03325110990011873,lambda_ge_one
angular_seed_hurts_sigma0740_t14p25_14p35,s0.74_t5,0.74,14.26,0.048997532123422775,0.07900495226409532,0.01864823640156407,0.0003466822353818701,0.018336538764113768,0.01899491863694594,-1.2796741963596157,-0.9809971168359355,1.2796741963596157,-142.52625786105503,-0.03203988418433648,-0.03203988418433648,-0.032698264057168656,lambda_ge_one
angular_seed_hurts_sigma0740_t14p25_14p35,s0.74_t5,0.74,14.261,0.049523351318413844,0.07899803178046158,0.018646648580823256,0.00034729302131363595,0.01833289043597922,0.018993941602136893,-1.2656727804734418,-0.9708919626762157,1.2656727804734418,-142.50834702417083,-0.03148989687910532,-0.03148989687910531,-0.032150948045262986,lambda_ge_one
angular_seed_hurts_sigma0740_t14p25_14p35,s0.74_t6,0.74,14.262,0.05004990483400199,0.07899111167116023,0.01864506192387259,0.00034790752200866075,0.018329267864056108,0.01899296944588125,-1.252070062615928,-0.9608247086873287,1.252070062615928,-142.49776619423525,-0.03094535050948423,-0.03094535050948423,-0.03160905209130937,lambda_ge_one
angular_seed_hurts_sigma0740_t14p25_14p35,s0.74_t6,0.74,14.263,0.05057712314831424,0.07898419193623113,0.01864347643468303,0.0003485257188141244,0.018325671247875847,0.018992002153497157,-1.2388523611539055,-0.9508006908707161,1.2388523611539055,-142.4942996081407,-0.030406136532222558,-0.03040613653222255,-0.031072467437843865,lambda_ge_one
angular_seed_hurts_sigma0740_t14p25_14p35,s0.74_t7,0.74,14.264,0.05110493890679178,0.07897727257571532,0.018641892117228137,0.000349147593087489,0.018322100785363477,0.018991039710315627,-1.2260064693834982,-0.9408247193634947,1.2260064693834982,-142.4977390266998,-0.029872147595746856,-0.029872147595746863,-0.030541086520699014,lambda_ge_one
angular_seed_hurts_sigma0740_t14p25_14p35,s0.74_t7,0.74,14.265,0.05163328682421839,0.07897035358965311,0.018640308975483546,0.00034977312619832154,0.018318556672820716,0.018990082101681866,-1.2135196439775748,-0.9309011191081535,1.2135196439775748,-142.50788346563533,-0.029343277692919834,-0.029343277692919834,-0.03001480312178098,lambda_ge_one
angular_seed_hurts_sigma0740_t14p25_14p35,s0.74_t8,0.74,14.266,0.05216210359156573,0.07896343497808574,0.018638727013427368,0.00035040229952967866,0.018315039104911193,0.018989129312957046,-1.2013795929087796,-0.9210337675736439,1.2013795929087796,-142.52453893385177,-0.028819422291446278,-0.028819422291446288,-0.02949351249949214,lambda_ge_one
angular_seed_hurts_sigma0740_t14p25_14p35,s0.74_t8,0.74,14.267,0.05269132778742388,0.07895651674105197,0.0186371462350394,0.0003510350944803604,0.018311548274642514,0.018988181329519762,-1.1895744629915679,-0.9112261297260293,1.1895744629915679,-142.54751817921093,-0.028300478444256087,-0.028300478444256073,-0.028977111499133325,lambda_ge_one
angular_seed_hurts_sigma0740_t14p25_14p35,s0.74_t9,0.74,14.268,0.053220899793791486,0.07894959887859396,0.01863556664430246,0.00035167149246651815,0.01830808437335241,0.018987238136768978,-1.1780928271664253,-0.9014812904372804,1.1780928271664253,-142.5766404419165,-0.027786344881969748,-0.027786344881969755,-0.028465498645386323,lambda_ge_one
angular_seed_hurts_sigma0740_t14p25_14p35,s0.74_t9,0.74,14.269,0.05375076171601455,0.07894268139075111,0.018633988245200905,0.00035231147492283463,0.018304647590691944,0.01898629972012374,-1.1669236716313989,-0.8918019845092263,1.1669236716313989,-142.61173121556115,-0.027276922089313507,-0.027276922089313524,-0.02795857421874532,lambda_ge_one
angular_seed_hurts_sigma0740_t14p25_14p35,s0.74_t10,0.74,14.27,0.05428085730669093,0.07893576427756406,0.01863241104172161,0.00035295502330548597,0.018301238114609385,0.018985366065027095,-1.1560563829118171,-0.8821906244781922,1.1560563829118171,-142.65262201589516,-0.02677211236724406,-0.026772112367244052,-0.02745624031766176,lambda_ge_one
angular_seed_hurts_sigma0740_t14p25_14p35,s0.74_t10,0.74,14.271,0.05481113189329994,0.07892884753907325,0.018630835037853597,0.00035360211909238104,0.018297856131335784,0.018984437156945977,-1.1454807349446074,-0.8726493263585731,1.1454807349446074,-142.69915015722276,-0.02627181988231886,-0.026271819882318873,-0.026958400907929066,lambda_ge_one
angular_seed_hurts_sigma0740_t14p25_14p35,s0.74_t11,0.74,14.272,0.055341532309408165,0.07892193117531882,0.01862926023758797,0.0003542527437859958,0.018294501825368275,0.018983512981373966,-1.1351868762422292,-0.8631799334699258,1.1351868762422292,-142.75115853642407,-0.025775950704735564,-0.025775950704735567,-0.026464961860741258,lambda_ge_one
angular_seed_hurts_sigma0740_t14p25_14p35,s0.74_t11,0.74,14.273,0.05587200682927058,0.078915015186341,0.01862768664491802,0.00035490687891459783,0.018291175379455283,0.01898259352383262,-1.1251653171898401,-0.853784038485735,1.1251653171898401,-142.80849542445512,-0.02528441283627386,-0.025284412836273848,-0.025975830980651184,lambda_ge_one
angular_seed_hurts_sigma0740_t14p25_14p35,s0.74_t12,0.74,14.274,0.056402505105628456,0.07890809957217973,0.018626114263839106,0.00035556450603298076,0.018287876974581868,0.018981678769872088,-1.1154069175221548,-0.8444630038313649,1.1154069175221548,-142.87101426525206,-0.024797116229350033,-0.024797116229350047,-0.025490918024640267,lambda_ge_one
angular_seed_hurts_sigma0740_t14p25_14p35,s0.74_t12,0.74,14.275,0.05693297811057289,0.07890118433287628,0.018624543098349055,0.0003562256067257857,0.01828460678995319,0.01898076870507484,-1.1059028740160226,-0.8352179805510022,1.1059028740160226,-142.93857348185873,-0.02431397279815418,-0.024313972798154164,-0.025010134713275817,lambda_ge_one
angular_seed_hurts_sigma0740_t14p25_14p35,s0.74_t13,0.74,14.276,0.05746337807928804,0.07889426946846934,0.018622973152447146,0.00035689016260759076,0.018281365002980058,0.018979863315054735,-1.0966447084299307,-0.8260499257548353,1.0966447084299307,-143.01103628964606,-0.02383489642285173,-0.02383489642285172,-0.024533394734926398,lambda_ge_one
angular_seed_hurts_sigma0740_t14p25_14p35,s0.74_t13,0.74,14.277,0.05799365845656517,0.07888735497900051,0.018621404430135515,0.0003575581553248008,0.018278151789265076,0.018978962585460318,-1.0876242557140616,-0.8169596187498508,1.0876242557140616,-143.08827051644883,-0.023359802947657084,-0.023359802947657098,-0.024060613743852335,lambda_ge_one
angular_seed_hurts_sigma0740_t14p25_14p35,s0.74_t14,0.74,14.278,0.05852377384591179,0.07888044086450809,0.018619836935417564,0.00035822956655713335,0.018274967322586003,0.018978066501974696,-1.0788336525101114,-0.8079476759513804,1.0788336525101114,-143.17014842942248,-0.022888610173534947,-0.02288861017353496,-0.023591709352923654,lambda_ge_one
angular_seed_hurts_sigma0740_t14p25_14p35,s0.74_t14,0.74,14.279,0.05905367996112963,0.07887352712503379,0.018618270672299566,0.0003589043780192407,0.01827181177488263,0.018977175050318807,-1.070265325956227,-0.799014564664361,1.070265325956227,-143.25654656847965,-0.02242123784626611,-0.02242123784626611,-0.023126601121702287,lambda_ge_one
angular_seed_hurts_sigma0740_t14p25_14p35,s0.74_t15,0.74,14.28,0.0595833335802643,0.0788666137606165,0.018616705644789212,0.0003595825714622649,0.01826868531624067,0.018976288216251476,-1.061911982805743,-0.7901606158183698,1.061911982805743,-143.3473455860414,-0.021957607640370847,-0.021957607640370844,-0.02266521054038165,lambda_ge_one
angular_seed_hurts_sigma0740_t14p25_14p35,s0.74_t15,0.74,14.281,0.060112692501752295,0.0788597007712972,0.018615141856896694,0.0003602641286740551,0.018265588114879595,0.01897540598557075,-1.053766598869263,-0.7813860357335581,1.053766598869263,-143.4424300929741,-0.021497643139572694,-0.021497643139572666,-0.022207461010263822,lambda_ge_one
angular_seed_hurts_sigma0740_t14p25_14p35,s0.74_t16,0.74,14.282,0.060641715502703336,0.07885278815711431,0.01861357931263368,0.00036094903148233817,0.01826252033713533,0.018974528344116018,-1.0458224087828893,-0.7726909169888748,1.0458224087828893,-143.54168851049025,-0.0210412698141959,-0.021041269814195882,-0.02175327782117657,lambda_ge_one
angular_seed_hurts_sigma0740_t14p25_14p35,s0.74_t16,0.74,14.283,0.0611703622991863,0.07884587591810971,0.018612018016014604,0.0003616372617541295,0.018259482147449563,0.018973655277768734,-1.0380728961049854,-0.7640752484600978,1.0380728961049854,-143.64501292779514,-0.020588414995970816,-0.0205884149959708,-0.021302588126289972,lambda_ge_one
angular_seed_hurts_sigma0740_t14p25_14p35,s0.74_t17,0.74,14.284,0.061698593508411365,0.07883896405432227,0.018610457971055226,0.00036232880139873793,0.018256473708352233,0.018972786772453964,-1.030511783741615,-0.7555389245886578,1.030511783741615,-143.75229896531783,-0.020139007850642668,-0.020139007850642685,-0.020855320914744416,lambda_ge_one
angular_seed_hurts_sigma0740_t14p25_14p35,s0.74_t17,0.74,14.285,0.062226370612715,0.0788320525657929,0.01860889918177379,0.0003630236323674832,0.018253495180450566,0.01897192281414127,-1.0231330246986565,-0.747081753939197,1.0231330246986565,-143.86344564330398,-0.019692979348742264,-0.019692979348742257,-0.02041140698243296,lambda_ge_one
angular_seed_hurts_sigma0740_t14p25_14p35,s0.74_t18,0.74,14.286,0.06275365592526791,0.07882514145255913,0.018607341652189652,0.00036372173665616793,0.018250546722412508,0.01897106338884582,-1.015930793156965,-0.7387034670983198,1.015930793156965,-143.97835525559196,-0.019250262234801304,-0.0192502622348013,-0.019970778901234613,lambda_ge_one
angular_seed_hurts_sigma0740_t14p25_14p35,s0.74_t18,0.74,14.287,0.06328041255740662,0.07881823071466285,0.018605785386325208,0.0003644230963058732,0.018247628490955563,0.01897020848263108,-1.008899475866522,-0.7304037239641257,1.008899475866522,-144.09693324838068,-0.018810790995333747,-0.018810790995333757,-0.019533370987009274,lambda_ge_one
angular_seed_hurts_sigma0740_t14p25_14p35,s0.74_t19,0.74,14.288,0.06380660438750095,0.07881132035214326,0.01860423038820415,0.00036512769340368086,0.0182447406408319,0.01896935808160783,-1.002033663853582,-0.722182120472063,1.002033663853582,-144.21908810379068,-0.018374501825794563,-0.018374501825794573,-0.0190991192665705,lambda_ge_one
angular_seed_hurts_sigma0740_t14p25_14p35,s0.74_t19,0.74,14.289,0.06433219603128955,0.07880441036503953,0.018602676661852058,0.0003658355100845055,0.0182418833248149,0.018968512171936562,-0.9953281444348606,-0.7140381947990349,0.9953281444348606,-144.34473122805665,-0.017941332596768476,-0.017941332596768483,-0.018667961443890144,lambda_large
angular_seed_hurts_sigma0740_t14p25_14p35,s0.74_t20,0.74,14.29,0.06485715281361512,0.07879750075339265,0.018601124211296876,0.00036654652853123336,0.018239056693687535,0.01896767073982811,-0.9887778935313605,-0.7059714330848728,0.9887778935313605,-144.47377684416065,-0.017511222819560322,-0.017511222819560322,-0.0182398368657009,lambda_large
angular_seed_hurts_sigma0740_t14p25_14p35,s0.74_t20,0.74,14.291,0.06538144074146053,0.0787905915172404,0.0185995730405677,0.0003672607309768763,0.01823626089622682,0.018966833771544577,-0.9823780682747302,-0.69798127470753,0.9823780682747302,-144.6061418887365,-0.017084113611381027,-0.017084113611381027,-0.017814686486698785,lambda_large
angular_seed_hurts_sigma0740_t14p25_14p35,s0.74_t21,0.74,14.292,0.06590502647825364,0.07878368265662507,0.018598023153696557,0.00036797809970501023,0.018233496079193334,0.018966001253401567,-0.9761239998979359,-0.6900671171452721,0.9761239998979359,-144.7417459130754,-0.016659947660272012,-0.016659947660272012,-0.017392452834480245,lambda_large
angular_seed_hurts_sigma0740_t14p25_14p35,s0.74_t21,0.74,14.293,0.06642787731936785,0.07877677417158392,0.018596474554716132,0.0003686986170516144,0.018230762387315382,0.018965173171767748,-0.9700111869019227,-0.6822283204565825,0.9700111869019227,-144.88051098807583,-0.01623866918988284,-0.01623866918988285,-0.016973079974335215,lambda_large
angular_seed_hurts_sigma0740_t14p25_14p35,s0.74_t22,0.74,14.294,0.06694996116872554,0.07876986606215754,0.018594927247661788,0.0003694222654046131,0.01822805996327982,0.0189643495130664,-0.9640352884908167,-0.6744642114070867,0.9640352884908167,-145.02236161298063,-0.01582022392429559,-0.01582022392429558,-0.016556513474082157,lambda_large
angular_seed_hurts_sigma0740_t14p25_14p35,s0.74_t22,0.74,14.295,0.0674712465165032,0.07876295832838577,0.018593381236570526,0.00037014902720563375,0.01822538894771779,0.01896353026377616,-0.9581921182658059,-0.6667740872693823,0.9581921182658059,-145.16722462773507,-0.015404559052897171,-0.015404559052897164,-0.016142700368955536,lambda_large
angular_seed_hurts_sigma0740_t14p25_14p35,s0.74_t23,0.74,14.296,0.06799170241784978,0.07875605097030675,0.018591836525480774,0.00037087888495166283,0.018222749479191298,0.018962715410432436,-0.952477638170121,-0.6591572193204805,0.952477638170121,-145.31502912883926,-0.014991623195460772,-0.01499162319546078,-0.01573158912670192,lambda_large
angular_seed_hurts_sigma0740_t14p25_14p35,s0.74_t23,0.74,14.297,0.0685112984725658,0.07874914398796293,0.01859029311843379,0.00037161182119458785,0.01822014169418401,0.01896190493962838,-0.9468879526765058,-0.6516128560597804,0.9468879526765058,-145.4657063885422,-0.014581366367515045,-0.014581366367515062,-0.015323129612959431,lambda_large
angular_seed_hurts_sigma0740_t14p25_14p35,s0.74_t24,0.74,14.298,0.06903000480571164,0.078742237381391,0.018588751019471255,0.0003723478185435564,0.01821756572708525,0.018961098838014813,-0.9414193032080796,-0.644140226168353,0.9414193032080796,-145.61918977723215,-0.01417373994601704,-0.014173739946017054,-0.014917273056946616,lambda_large
angular_seed_hurts_sigma0740_t14p25_14p35,s0.74_t24,0.74,14.299,0.06954779204909511,0.07873533115063128,0.01858721023263752,0.00037308685966423516,0.01821502171018196,0.018960297092301754,-0.9360680627849446,-0.636738541228966,0.9360680627849446,-145.77541468891346,-0.013768696635453471,-0.013768696635453482,-0.014513972017573276,lambda_large
angular_seed_hurts_sigma0740_t14p25_14p35,s0.74_t25,0.74,14.3,0.07006463132358647,0.07872842529572345,0.018585670761978482,0.0003738289272811136,0.01821250977364448,0.018959499689259595,-0.9308307308877642,-0.6294069982249201,0.9308307308877642,-145.9343184696256,-0.013366190434373742,-0.013366190434373745,-0.01411318034998886,lambda_large
angular_seed_hurts_sigma0740_t14p25_14p35,s0.74_t25,0.74,14.301,0.07058049422221885,0.07872151981670683,0.018584132611541765,0.00037457400417728365,0.0182100300455161,0.018958706615719047,-0.9257039285304738,-0.6221447818344373,0.9257039285304738,-146.09584034868578,-0.012966176602427638,-0.012966176602427645,-0.013714853172630593,lambda_large
angular_seed_hurts_sigma0740_t14p25_14p35,s0.74_t26,0.74,14.302,0.07109535279406695,0.07871461471362057,0.018582595785376663,0.0003753220731964282,0.01820758265170047,0.018957917858573092,-0.920684393533718,-0.6149510665356114,0.920684393533718,-146.25992137264217,-0.012568611627904791,-0.012568611627904774,-0.013318946834777395,lambda_large
angular_seed_hurts_sigma0740_t14p25_14p35,s0.74_t26,0.74,14.303,0.0716091795288133,0.07870770998650464,0.018581060287534385,0.000376073117242034,0.018205167715952163,0.018957133404776418,-0.9157689759920096,-0.6078250185366189,0.9157689759920096,-146.42650434182795,-0.012173453195868194,-0.012173453195868194,-0.012925418884692449,lambda_large
angular_seed_hurts_sigma0740_t14p25_14p35,s0.74_t27,0.74,14.304,0.07212194734201514,0.07870080563539843,0.0185795261220677,0.00037682711927888,0.01820278535986449,0.01895635324134658,-0.9109546339261776,-0.6007657975441791,0.9109546339261776,-146.59553374939185,-0.011780660156837798,-0.01178066015683781,-0.012534228038319899,lambda_large
angular_seed_hurts_sigma0740_t14p25_14p35,s0.74_t27,0.74,14.305,0.07263362956101274,0.07869390166034017,0.01857799329303081,0.0003775840623343444,0.018200435702857877,0.01895557735536515,-0.906238429114405,-0.5937725583823296,0.906238429114405,-146.76695572272624,-0.011390192496094916,-0.011390192496094933,-0.012145334148602208,lambda_large
angular_seed_hurts_sigma0740_t14p25_14p35,s0.74_t28,0.74,14.306,0.07314419991146502,0.0786869980613695,0.018576461804479916,0.0003783439294985389,0.018198118862170223,0.018954805733978456,-0.9016175230942743,-0.5868444524730184,0.9016175230942743,-146.94071796717228,-0.01100201130359274,-0.011002011303592735,-0.011758698175400968,lambda_large
angular_seed_hurts_sigma0740_t14p25_14p35,s0.74_t28,0.74,14.307,0.07365363250446766,0.07868009483852692,0.018574931660473068,0.0003791067039243833,0.01819583495284682,0.018954038364397453,-0.897089173329214,-0.579980629188766,0.897089173329214,-147.11676971192426,-0.010616078744505788,-0.01061607874450578,-0.011374282156056412,lambda_large
angular_seed_hurts_sigma0740_t14p25_14p35,s0.74_t29,0.74,14.308,0.07416190182421657,0.07867319199185067,0.01857340286506946,0.0003798723688293731,0.018193584087728074,0.018953275233898833,-0.8926507295324362,-0.5731802370876237,0.8926507295324362,-147.2950616580112,-0.010232358030411323,-0.010232358030411334,-0.010992049176582093,lambda_large
angular_seed_hurts_sigma0740_t14p25_14p35,s0.74_t29,0.74,14.309,0.07466898271624621,0.07866628952138027,0.01857187542233019,0.00038064090749595156,0.01819136637744032,0.01895251632982614,-0.8882996301418989,-0.5664424250380996,0.8882996301418989,-147.47554592832563,-0.009850813391107455,-0.009850813391107462,-0.010611963343493284,lambda_large
angular_seed_hurts_sigma0740_t14p25_14p35,s0.74_t30,0.74,14.31,0.07517485037613016,0.07865938742715375,0.01857034933631763,0.0003814123032714541,0.01818918193038578,0.018951761639589084,-0.8840333989402348,-0.5597663432440851,0.8840333989402348,-147.65817601954313,-0.00947141004708954,-0.009471410047089556,-0.010233989756292859,lambda_large
angular_seed_hurts_sigma0740_t14p25_14p35,s0.74_t30,0.74,14.311,0.07567948033869953,0.07865248570921249,0.018568824611096543,0.0003821865395689921,0.018187030852733467,0.018951011150665536,-0.8798496418134123,-0.5531511441759593,0.8798496418134123,-147.84290675591333,-0.009094114182663891,-0.009094114182663897,-0.009858094480595965,lambda_large
angular_seed_hurts_sigma0740_t14p25_14p35,s0.74_t31,0.74,14.312,0.0761828484677052,0.07864558436759321,0.01856730125073218,0.00038296359986859674,0.018184913248407004,0.018950264850600775,-0.875746043642403,-0.5465959834157544,0.875746043642403,-148.02969424481225,-0.008718892919703337,-0.00871889291970334,-0.009484244521897112,lambda_large
angular_seed_hurts_sigma0740_t14p25_14p35,s0.74_t31,0.74,14.313,0.07668493094593594,0.07863868340233703,0.018565779259292387,0.0003837434677171311,0.0181828292190778,0.01894952272700952,-0.8717203653223203,-0.5401000204227109,0.8717203653223203,-148.21849583399543,-0.008345714292050058,-0.008345714292050044,-0.009112407799981764,lambda_large
angular_seed_hurts_sigma0740_t14p25_14p35,s0.74_t32,0.74,14.314,0.07718570426573633,0.0786317828134823,0.01856425864084595,0.0003845261267289256,0.018180778864153955,0.018948784767574875,-0.8677704409036123,-0.5336624192254907,0.8677704409036123,-148.4092700704714,-0.007974547220551468,-0.007974547220551471,-0.008742553123972392,lambda_large
angular_seed_hurts_sigma0740_t14p25_14p35,s0.74_t32,0.74,14.315,0.0776851452199496,0.07862488260106767,0.01856273939946321,0.0003853115605865726,0.018178762280771348,0.018948050960049784,-0.8638941748500928,-0.5272823490462881,0.8638941748500928,-148.60197666094473,-0.007605361488719747,-0.007605361488719738,-0.008374650167998174,lambda_large
angular_seed_hurts_sigma0740_t14p25_14p35,s0.74_t33,0.74,14.316,0.07818323089322352,0.07861798276513284,0.018561221539216317,0.00038609975304044596,0.018176779563785838,0.018947321292256764,-0.8600895394090106,-0.5209589848626106,0.8600895394090106,-148.7965764337432,-0.007238127719023251,-0.0072381277190232615,-0.008008669447494187,lambda_large
angular_seed_hurts_sigma0740_t14p25_14p35,s0.74_t33,0.74,14.317,0.07867993865369004,0.07861108330571642,0.018559705064178676,0.0003868906879109948,0.018174830805762113,0.018946595752089672,-0.8563545720882306,-0.5146915079110902,0.8563545720882306,-148.9930313021841,-0.0068728173497810685,-0.006872817349781044,-0.007644582296108603,lambda_large
angular_seed_hurts_sigma0740_t14p25_14p35,s0.74_t34,0.74,14.318,0.07917524614499312,0.07860418422285778,0.018558189978425354,0.00038768434908699473,0.01817291609696755,0.01894587432751235,-0.8526873732361006,-0.5084791061379951,0.8526873732361006,-149.1913042293159,-0.006509402612670308,-0.0065094026126703095,-0.007282360843215109,lambda_large
angular_seed_hurts_sigma0740_t14p25_14p35,s0.74_t34,0.74,14.319,0.07966913127864998,0.07859728551659612,0.018556676286032858,0.0003884807205280171,0.01817103552536161,0.018945157006560874,-0.8490861037195087,-0.5023209746005722,0.8490861037195087,-149.3913591939754,-0.006147856510818582,-0.0061478565108185786,-0.006921977992017842,lambda_large
angular_seed_hurts_sigma0740_t14p25_14p35,s0.74_t35,0.74,14.32,0.08016157222672288,0.0785903871869696,0.01855516399107893,0.00038927978626324535,0.01816918917658882,0.018944443777342175,-0.8455489826960536,-0.4962163158231526,0.8455489826960536,-149.59316115810554,-0.005788152797487695,-0.005788152797487695,-0.0065634073982410515,lambda_large
angular_seed_hurts_sigma0740_t14p25_14p35,s0.74_t35,0.74,14.321,0.08065254741479798,0.07858348923401738,0.018553653097642963,0.0003900815303927724,0.0181673771339702,0.018943734628035735,-0.8420742854762767,-0.4901643401113974,0.8420742854762767,-149.7966760352891,-0.00543026595532977,-0.00543026595532976,-0.006206623449395293,lambda_large
angular_seed_hurts_sigma0740_t14p25_14p35,s0.74_t36,0.74,14.322,0.08114203551525999,0.07857659165777915,0.018552143609805963,0.00039088593708688194,0.018165599478496518,0.018943029546892844,-0.8386603414720083,-0.48416426582799815,0.8386603414720083,-150.00187066044558,-0.005074171176198301,-0.005074171176198296,-0.005851601244594622,lambda_large
angular_seed_hurts_sigma0740_t14p25_14p35,s0.74_t36,0.74,14.323,0.08163001544084078,0.0785696944582934,0.01855063553165001,0.00039169299058861923,0.018163856288817722,0.018942328522238632,-0.8353055322272414,-0.4782153196329309,0.8353055322272414,-150.20871276064392,-0.004719844341506376,-0.0047198443415063795,-0.005498316574927289,lambda_large
angular_seed_hurts_sigma0740_t14p25_14p35,s0.74_t37,0.74,14.324,0.08211646633841754,0.07856279763559851,0.01854912886725862,0.0003925026752113354,0.018162147641238455,0.018941631542469955,-0.8320082895280957,-0.4723167366913408,0.8320082895280957,-150.41717092697522,-0.004367262003139125,-0.0043672620031391385,-0.005146745904370639,lambda_large
angular_seed_hurts_sigma0740_t14p25_14p35,s0.74_t37,0.74,14.325,0.08260136758309194,0.07855590118973393,0.01854762362071693,0.0003933149753411614,0.018160473609709047,0.01894093859605809,-0.8287670935882321,-0.46646776085101394,0.8287670935882321,-150.6272145874683,-0.004016401364869433,-0.004016401364869424,-0.004796866351218466,lambda_large
angular_seed_hurts_sigma0740_t14p25_14p35,s0.74_t38,0.74,14.326,0.0830846987724838,0.07854900512073866,0.018546119796111316,0.0003941298754362371,0.018158834265818692,0.018940249671547553,-0.8255804713067906,-0.46066764479259853,0.8255804713067906,-150.83881398097742,-0.0036672402643047955,-0.003667240264304792,-0.004448655670033653,lambda_large
angular_seed_hurts_sigma0740_t14p25_14p35,s0.74_t38,0.74,14.327,0.08356643972127355,0.0785421094286508,0.018544617397529342,0.00039494736002682344,0.018157229678788963,0.018939564757556166,-0.8224469945954916,-0.4549156501543016,0.8224469945954916,-151.05194013202095,-0.0033197571553221887,-0.0033197571553221592,-0.004102092234089362,lambda_large
angular_seed_hurts_sigma0740_t14p25_14p35,s0.74_t39,0.74,14.328,0.08404657045595945,0.07853521411350962,0.018543116429060178,0.0003957674137168244,0.018155659915465833,0.018938883842777,-0.8193652787721654,-0.4492110476333768,0.8193652787721654,-151.26656482652731,-0.0029739310909980277,-0.0029739310909980346,-0.003757155018309203,lambda_large
angular_seed_hurts_sigma0740_t14p25_14p35,s0.74_t39,0.74,14.329,0.08452507120982676,0.07852831917535498,0.01854161689479445,0.00039659002118234103,0.01815412504031506,0.01893820691597679,-0.8163339810177747,-0.44355311706619205,0.8163339810177747,-151.48266058845573,-0.0026297417070170574,-0.0026297417070170696,-0.003413823582678799,lambda_large
angular_seed_hurts_sigma0740_t14p25_14p35,s0.74_t40,0.74,14.33,0.08500192241811766,0.07852142461422372,0.018540118798823408,0.0003974151671730478,0.018152625115413275,0.018937533965996456,-0.8133517988941238,-0.4379411474889356,0.8133517988941238,-151.70020065723878,-0.002287169205530369,-0.002287169205530362,-0.0030720780561135433,lambda_large
angular_seed_hurts_sigma0740_t14p25_14p35,s0.74_t40,0.74,14.331,0.08547710471339948,0.07851453043015541,0.01853862214524022,0.0003982428365120614,0.01815116020044423,0.01893686498175228,-0.8104174689200377,-0.4323744371800557,0.8104174689200377,-151.91915896605448,-0.001946194339491003,-0.0019461943394909857,-0.002731899120799037,lambda_large
angular_seed_hurts_sigma0740_t14p25_14p35,s0.74_t41,0.74,14.332,0.0859505989211154,0.07850763662318973,0.018537126938139373,0.0003990730140963688,0.018149730352691327,0.018936199952235742,-0.8075297652030323,-0.42685229368664623,0.8075297652030323,-152.1395101208435,-0.0016067983974042584,-0.0016067983974042514,-0.002393267996948667,lambda_large
angular_seed_hurts_sigma0740_t14p25_14p35,s0.74_t41,0.74,14.333,0.0864223860553137,0.07850074319336392,0.018535633181616037,0.0003999056848968077,0.018148335627031758,0.018935538866512846,-0.8046874981245032,-0.42137403383559596,0.8046874981245032,-152.36122938008555,-0.0012689631885184176,-0.0012689631885183968,-0.0020561664279994847,lambda_large
angular_seed_hurts_sigma0740_t14p25_14p35,s0.74_t42,0.74,14.334,0.08689244731454218,0.07849385014071802,0.018534140879767333,0.0004007408339577184,0.018146976075932412,0.018934881713725052,-0.8018895130760721,-0.41593898373131677,0.8018895130760721,-152.58429263527378,-0.0009326710284367247,-0.0009326710284367143,-0.0017205766662293544,lambda_large
angular_seed_hurts_sigma0740_t14p25_14p35,s0.74_t42,0.74,14.335,0.08736076407791815,0.07848695746528968,0.01853265003669099,0.00040157844639761807,0.018145651749442868,0.018934228483088608,-0.7991346892448067,-0.4105464787406362,0.7991346892448067,-152.80867639209131,-0.000597904725120682,-0.0005979047251207098,-0.0013864814587664503,lambda_large
angular_seed_hurts_sigma0740_t14p25_14p35,s0.74_t43,0.74,14.336,0.08782731790133967,0.07848006516711857,0.0185311606564865,0.00040241850740985646,0.018144362695190874,0.018933579163896354,-0.7964219384454284,-0.40519586346678216,0.7964219384454284,-153.0343577522227,-0.00026464756529902267,-0.0002646475652990192,-0.0010538640340044987,lambda_large
angular_seed_hurts_sigma0740_t14p25_14p35,s0.74_t43,0.74,14.337,0.08829209051385498,0.0784731732462425,0.018529672743254077,0.0004032610022622321,0.01814310895837674,0.018932933745516307,-0.7937502039974524,-0.3998864917126619,0.7937502039974524,-153.26131439581866,6.71166987443357e-05,6.711669874431142e-05,-0.0007227080883952554,pass_angular_pointwise
angular_seed_hurts_sigma0740_t14p25_14p35,s0.74_t44,0.74,14.338,0.08875506381417632,0.07846628170270042,0.01852818630109541,0.0004041059162961101,0.018141890581770227,0.01893229221739152,-0.7911184596453363,-0.3946177264350091,0.7911184596453363,-153.48952456455496,0.00039740386201138,0.00039740386201139385,-0.00039299777360990093,pass_angular_pointwise
angular_seed_hurts_sigma0740_t14p25_14p35,s0.74_t44,0.74,14.339,0.08921621986732423,0.07845939053653114,0.018526701334113344,0.00040495323492890684,0.018140707605703504,0.01893165456904225,-0.7885257085199201,-0.38938893969005456,0.7885257085199201,-153.71896704527597,0.000726229279269925,0.0007262292792699146,-6.471768406883169e-05,pass_angular_pointwise
angular_seed_hurts_sigma0740_t14p25_14p35,s0.74_t45,0.74,14.34,0.08967554090141246,0.07845249974777303,0.018525217846411753,0.00040580294365127835,0.01813956006806923,0.018931020790063032,-0.7859709821393649,-0.38419951257141216,0.7859709821393649,-153.94962115420674,0.0010536078771813118,0.001053607877181291,0.00026214715518748863,pass_angular_pointwise
angular_seed_hurts_sigma0740_t14p25_14p35,s0.74_t45,0.74,14.341,0.09013300930454778,0.07844560933646481,0.018523735842095768,0.000406655028029782,0.018138448004314283,0.01893039087012555,-0.783453339448041,-0.3790488351412359,0.783453339448041,-154.18146672169723,0.0013795541660841966,0.0013795541660841897,0.0005876113002729229,pass_angular_pointwise
angular_seed_hurts_sigma0740_t14p25_14p35,s0.74_t46,0.74,14.342,0.09058860762186846,0.07843871930264565,0.01852225532527173,0.00040750947370491375,0.018137371447437576,0.018929764798976643,-0.7809718658915958,-0.37393630635503455,0.7809718658915958,-154.41448407749073,0.0017040822514586378,0.0017040822514586343,0.0009116888999195667,pass_angular_pointwise
angular_seed_hurts_sigma0740_t14p25_14p35,s0.74_t46,0.74,14.343,0.09104231855267811,0.0784318296463533,0.018520776300046768,0.0004083662663927801,0.018136330427984612,0.018929142566439548,-0.7785256725269878,-0.36886133398101967,0.7785256725269878,-154.6486540364916,0.0020272058450535313,0.002027205845053514,0.0012343937065985786,pass_angular_pointwise
angular_seed_hurts_sigma0740_t14p25_14p35,s0.74_t47,0.74,14.344,0.09149412494770666,0.07842494036762651,0.01851929877052936,0.00040922539188393886,0.01813532497404514,0.018928524162413297,-0.776113895165761,-0.3638233345145273,0.776113895165761,-154.8839578850084,0.002348938275714047,0.0023489382757140714,0.0015557390873459156,pass_angular_pointwise
angular_seed_hurts_sigma0740_t14p25_14p35,s0.74_t47,0.74,14.345,0.09194400980647825,0.07841805146650503,0.01851782274082927,0.00041008683604387046,0.018134355111249556,0.01892790957687314,-0.7737356935493309,-0.35882173308794757,0.7737356935493309,-155.12037736746555,0.0026692924999067724,0.002669292499906762,0.0018757380342831788,pass_angular_pointwise
angular_seed_hurts_sigma0740_t14p25_14p35,s0.74_t48,0.74,14.346,0.09239195627476479,0.07841116294302554,0.018516348215056634,0.00041095058481325076,0.018133420862764992,0.018927298799869884,-0.7713902505550384,-0.35385596337682734,0.7713902505550384,-155.3578946735587,0.002988281111938832,0.0029882811119388356,0.0021944031748339435,pass_angular_pointwise
angular_seed_hurts_sigma0740_t14p25_14p35,s0.74_t48,0.74,14.347,0.09283794764216563,0.07840427479722804,0.018514875197323425,0.0004118166242075025,0.01813252224929339,0.01892669182153093,-0.769076771431472,-0.348925467502551,0.769076771431472,-155.59649242583396,0.0033059163539114755,0.003305916353911458,0.0025117467816739188,pass_angular_pointwise
angular_seed_hurts_sigma0740_t14p25_14p35,s0.74_t49,0.74,14.348,0.09328196733975558,0.07839738702915011,0.01851340369174205,0.0004126849403170914,0.018131659289068035,0.018926088632059142,-0.7667944830621567,-0.34402969593196403,0.7667944830621567,-155.83615366768785,0.0036222101253786734,0.0036222101253786804,0.0028277807823875734,pass_angular_pointwise
angular_seed_hurts_sigma0740_t14p25_14p35,s0.74_t49,0.74,14.349,0.09372399893784107,0.07839049963883103,0.018511933702426375,0.00041355551930691796,0.018130831997851777,0.01892548922173329,-0.7645426332562014,-0.33916810737452474,0.7645426332562014,-156.0768618517539,0.003937173992750852,0.003937173992750856,0.003142516768869341,pass_angular_pointwise
angular_seed_hurts_sigma0740_t14p25_14p35,s0.74_t50,0.74,14.35,0.0941640261438013,0.0783836126263092,0.01851046523349104,0.00041442834741739433,0.01813004038893363,0.018924893580908434,-0.7623204900649312,-0.3343401686770721,0.7623204900649312,-156.31860082868158,0.004250819198438081,0.004250819198438071,0.0034559660064632652,pass_angular_pointwise
