label,box_id,sigma,t,main_abs,d0_neg_re_main,d0_destructive_numerator,parallel_exact,D0_abs,Drest_abs,RvecTail_abs,rest_combined,rest_separate,bounded_surplus_combined,bounded_surplus_separate,angle_D0_vs_M,angle_Drest_vs_M,failure_class
seed_hurts_sigma0740_t14p25_14p35_w005,s0.74_t0,0.74,14.25,0.043796795269547516,0.0027717104747002016,0.0027717104747002016,0.06328569151331052,0.07907417767974118,0.01866417774542934,0.0003407827948057025,0.01837439362440991,0.019004960540235042,-0.03786328986817292,-0.038493856783998054,143.16193464060703,15.302707911604072,parallel_dominates
seed_hurts_sigma0740_t14p25_14p35_w005,s0.74_t0,0.74,14.251,0.04431088983397709,0.0028001478301641325,0.0028001478301641325,0.06319322046241127,0.07906725345502669,0.018662578504689834,0.00034135540642518566,0.018370499050058216,0.01900393391111502,-0.0372528296784924,-0.0378862645395492,143.05699663538525,15.375934983896112,parallel_dominates
seed_hurts_sigma0740_t14p25_14p35_w005,s0.74_t0,0.74,14.252,0.04482655862844083,0.0028289519519794303,0.0028289519519794303,0.06310883633580033,0.07906032960423708,0.018660980388157465,0.00034193191944779163,0.01836662815187368,0.019002912307605258,-0.03664890585923318,-0.03728519001496476,142.9620235941271,15.43920219500053,parallel_dominates
seed_hurts_sigma0740_t14p25_14p35_w005,s0.74_t0,0.74,14.253,0.04534370383325782,0.002858119582359763,0.002858119582359763,0.06303233615123087,0.07905340612741153,0.0186593833997794,0.000342512315230937,0.018362781144541852,0.019001895715010337,-0.0360514134625149,-0.03669052803298338,142.87670845995052,15.492816603938277,parallel_dominates
seed_hurts_sigma0740_t14p25_14p35_w005,s0.74_t0,0.74,14.254,0.04586223109554801,0.002887647418726518,0.002887647418726518,0.06296351812258062,0.0790464830245935,0.018657787543506228,0.00034309657512176096,0.018358958241309516,0.01900088411862799,-0.03546024526834213,-0.0361021711456606,142.80075467075233,15.537074774925484,parallel_dominates
seed_hurts_sigma0740_t14p25_14p35_w005,s0.74_t1,0.74,14.255,0.04638204936919157,0.002917532114049926,0.002917532114049926,0.0629021820667511,0.07903956029582138,0.018656192823289803,0.0003436846804586784,0.01835515965396581,0.018999877503748482,-0.03487529235152535,-0.03552001020130802,142.73387585367448,15.572263082907117,parallel_dominates
seed_hurts_sigma0740_t14p25_14p35_w005,s0.74_t1,0.74,14.256,0.046903070762195,0.0029477702771973876,0.0029477702771973876,0.06284812975557585,0.07903263794113756,0.018654599243085282,0.0003442766125743618,0.018351385592827025,0.018998875855659642,-0.03429644458620788,-0.0349439348490405,142.67579551768492,15.598658020976387,parallel_dominates
seed_hurts_sigma0740_t14p25_14p35_w005,s0.74_t1,0.74,14.257,0.04742521039117231,0.0029783584732849516,0.0029783584732849516,0.062801165218222,0.07902571596058253,0.018653006806849785,0.0003448723527974473,0.018347636266718474,0.01899787915964723,-0.033723591093768164,-0.034373833986696925,142.62624674608983,15.616526507862195,parallel_dominates
seed_hurts_sigma0740_t14p25_14p35_w005,s0.74_t1,0.74,14.258,0.04794838624269558,0.0030092932240347483,0.0030092932240347483,0.06276109499917074,0.07901879435419654,0.01865141551854273,0.00034547188245497197,0.018343911882957496,0.018996887400997704,-0.03315662063943265,-0.03380959615747286,142.58497189055865,15.626126193904234,parallel_dominates
seed_hurts_sigma0740_t14p25_14p35_w005,s0.74_t1,0.74,14.259,0.04847251904123233,0.003040571008135968,0.003040571008135968,0.06272772837635193,0.07901187312202042,0.01864982538212604,0.0003460751828730889,0.018340212647338677,0.01899590056499913,-0.03259542198245828,-0.03325110990011873,142.55172226794883,15.627705764228063,parallel_dominates
seed_hurts_sigma0740_t14p25_14p35_w005,s0.74_t2,0.74,14.26,0.048997532123422775,0.003072188261611568,0.003072188261611568,0.06270087754364549,0.07900495226409532,0.01864823640156407,0.0003466822353818701,0.018336538764113768,0.01899491863694594,-0.03203988418433648,-0.032698264057168656,142.52625786105503,15.621505237996177,parallel_dominates
seed_hurts_sigma0740_t14p25_14p35_w005,s0.74_t2,0.74,14.261,0.049523351318413844,0.0031041413781886106,0.0031041413781886106,0.06268035776153995,0.07899803178046158,0.018646648580823256,0.00034729302131363595,0.01833289043597922,0.018993941602136893,-0.03148989687910532,-0.032150948045263,142.50834702417083,15.607756262845644,parallel_dominates
seed_hurts_sigma0740_t14p25_14p35_w005,s0.74_t2,0.74,14.262,0.05004990483400199,0.0031364267096742377,0.0031364267096742377,0.06266598747943011,0.07899111167116023,0.01864506192387259,0.00034790752200866075,0.018329267864056108,0.01899296944588125,-0.03094535050948423,-0.031609052091309375,142.49776619423525,15.58668240374226,parallel_dominates
seed_hurts_sigma0740_t14p25_14p35_w005,s0.74_t2,0.74,14.263,0.05057712314831424,0.0031690405663350823,0.0031690405663350823,0.06265758843266095,0.07898419193623113,0.01864347643468303,0.0003485257188141244,0.018325671247875847,0.018992002153497157,-0.030406136532222558,-0.031072467437843868,142.49429960814072,15.558499425672231,parallel_dominates
seed_hurts_sigma0740_t14p25_14p35_w005,s0.74_t2,0.74,14.264,0.05110493890679178,0.003201979217282148,0.003201979217282148,0.06265498571717516,0.07897727257571532,0.018641892117228137,0.000349147593087489,0.018322100785363477,0.018991039710315627,-0.029872147595746856,-0.030541086520699007,142.4977390266998,15.52341556967535,parallel_dominates
seed_hurts_sigma0740_t14p25_14p35_w005,s0.74_t3,0.74,14.265,0.05163328682421839,0.0032352388908597715,0.0032352388908597715,0.0626580078443175,0.07897035358965311,0.018640308975483546,0.00034977312619832154,0.018318556672820716,0.018990082101681866,-0.029343277692919834,-0.030014803121780984,142.50788346563533,15.4816318218546,parallel_dominates
seed_hurts_sigma0740_t14p25_14p35_w005,s0.74_t3,0.74,14.266,0.05216210359156573,0.0032688157750387784,0.0032688157750387784,0.06266648677810081,0.07896343497808574,0.018638727013427368,0.00035040229952967866,0.018315039104911193,0.018989129312957046,-0.028819422291446278,-0.02949351249949213,142.5245389338518,15.433342175105667,parallel_dominates
seed_hurts_sigma0740_t14p25_14p35_w005,s0.74_t3,0.74,14.267,0.05269132778742388,0.0033027060178145444,0.0033027060178145444,0.06268025795703745,0.07895651674105197,0.0186371462350394,0.0003510350944803604,0.018311548274642514,0.018988181329519762,-0.028300478444256087,-0.028977111499133335,142.54751817921093,15.378733883340065,parallel_dominates
seed_hurts_sigma0740_t14p25_14p35_w005,s0.74_t3,0.74,14.268,0.053220899793791486,0.0033369057276093693,0.0033369057276093693,0.06269916030240882,0.07894959887859396,0.01863556664430246,0.00035167149246651815,0.01830808437335241,0.018987238136768978,-0.027786344881969748,-0.028465498645386316,142.57664044191654,15.317987708101242,parallel_dominates
seed_hurts_sigma0740_t14p25_14p35_w005,s0.74_t3,0.74,14.269,0.05375076171601455,0.0033714109736778567,0.0033714109736778567,0.06272303621463611,0.07894268139075111,0.018633988245200905,0.00035231147492283463,0.018304647590691944,0.01898629972012374,-0.027276922089313507,-0.027958574218745303,142.61173121556115,15.251278157517412,parallel_dominates
seed_hurts_sigma0740_t14p25_14p35_w005,s0.74_t4,0.74,14.27,0.05428085730669093,0.003406217786519527,0.003406217786519527,0.0627517315593256,0.07893576427756406,0.01863241104172161,0.00035295502330548597,0.018301238114609385,0.018985366065027095,-0.02677211236724406,-0.027456240317661768,142.65262201589516,15.178773717532474,parallel_dominates
seed_hurts_sigma0740_t14p25_14p35_w005,s0.74_t4,0.74,14.271,0.05481113189329994,0.003441322158292248,0.003441322158292248,0.06278509564428301,0.07892884753907325,0.018630835037853597,0.00035360211909238104,0.018297856131335784,0.018984437156945977,-0.02627181988231886,-0.026958400907929052,142.69915015722276,15.1006370755102,parallel_dominates
seed_hurts_sigma0740_t14p25_14p35_w005,s0.74_t4,0.74,14.272,0.055341532309408165,0.003476720043231958,0.003476720043231958,0.06282298118877545,0.07892193117531882,0.01862926023758797,0.0003542527437859958,0.018294501825368275,0.018983512981373966,-0.025775950704735564,-0.026464961860741255,142.75115853642407,15.017025336211871,parallel_dominates
seed_hurts_sigma0740_t14p25_14p35_w005,s0.74_t4,0.74,14.273,0.05587200682927058,0.0035124073580761364,0.0035124073580761364,0.06286524428608915,0.078915015186341,0.01862768664491802,0.00035490687891459783,0.018291175379455283,0.01898259352383262,-0.02528441283627386,-0.025975830980651194,142.80849542445512,14.928090230296345,parallel_dominates
seed_hurts_sigma0740_t14p25_14p35_w005,s0.74_t4,0.74,14.274,0.056402505105628456,0.0035483799824912628,0.0035483799824912628,0.06291174436039662,0.07890809957217973,0.018626114263839106,0.00035556450603298076,0.018287876974581868,0.018981678769872088,-0.024797116229350033,-0.025490918024640253,142.87101426525206,14.833978315415806,parallel_dominates
seed_hurts_sigma0740_t14p25_14p35_w005,s0.74_t5,0.74,14.275,0.05693297811057289,0.003584633759504511,0.003584633759504511,0.06296234411877388,0.07890118433287628,0.018624543098349055,0.0003562256067257857,0.01828460678995319,0.01898076870507484,-0.02431397279815418,-0.02501013471327583,142.93857348185873,14.73483117008818,parallel_dominates
seed_hurts_sigma0740_t14p25_14p35_w005,s0.74_t5,0.74,14.276,0.05746337807928804,0.0036211644959384917,0.0036211644959384917,0.06301690949915971,0.07889426946846934,0.018622973152447146,0.00035689016260759076,0.018281365002980058,0.018979863315054735,-0.02383489642285173,-0.024533394734926408,143.01103628964606,14.630785580477628,parallel_dominates
seed_hurts_sigma0740_t14p25_14p35_w005,s0.74_t5,0.74,14.277,0.05799365845656517,0.003657967962851928,0.003657967962851928,0.06307530961495718,0.07888735497900051,0.018621404430135515,0.0003575581553248008,0.018278151789265076,0.018978962585460318,-0.023359802947657084,-0.024060613743852325,143.08827051644883,14.521973720257748,parallel_dominates
seed_hurts_sigma0740_t14p25_14p35_w005,s0.74_t5,0.74,14.278,0.05852377384591179,0.003695039895982173,0.003695039895982173,0.06313741669686074,0.07888044086450809,0.018619836935417564,0.00035822956655713335,0.018274967322586003,0.018978066501974696,-0.022888610173534947,-0.02359170935292364,143.17014842942248,14.408523323755352,parallel_dominates
seed_hurts_sigma0740_t14p25_14p35_w005,s0.74_t5,0.74,14.279,0.05905367996112963,0.003732375996193371,0.003732375996193371,0.06320310603251311,0.07887352712503379,0.018618270672299566,0.0003589043780192407,0.01827181177488263,0.018977175050318807,-0.02242123784626611,-0.023126601121702287,143.25654656847962,14.290557852512313,parallel_dominates
seed_hurts_sigma0740_t14p25_14p35_w005,s0.74_t6,0.74,14.28,0.0595833335802643,0.0037699719299273834,0.0037699719299273834,0.06327225590439448,0.0788666137606165,0.018616705644789212,0.0003595825714622649,0.01826868531624067,0.018976288216251476,-0.021957607640370847,-0.022665210540381654,143.3473455860414,14.168196655536349,parallel_dominates
seed_hurts_sigma0740_t14p25_14p35_w005,s0.74_t6,0.74,14.281,0.060112692501752295,0.003807823329658346,0.003807823329658346,0.0633447475264454,0.0788597007712972,0.018615141856896694,0.0003602641286740551,0.018265588114879595,0.01897540598557075,-0.021497643139572694,-0.02220746101026385,143.4424300929741,14.04155512336236,parallel_dominates
seed_hurts_sigma0740_t14p25_14p35_w005,s0.74_t6,0.74,14.282,0.060641715502703336,0.003845925794352003,0.003845925794352003,0.0634204649797639,0.07885278815711431,0.01861357931263368,0.00036094903148233817,0.01826252033713533,0.018974528344116018,-0.0210412698141959,-0.021753277821176586,143.54168851049025,13.910744836152714,parallel_dominates
seed_hurts_sigma0740_t14p25_14p35_w005,s0.74_t6,0.74,14.283,0.0611703622991863,0.003884274889928233,0.003884274889928233,0.06349929514770755,0.07884587591810971,0.018612018016014604,0.0003616372617541295,0.018259482147449563,0.018973655277768734,-0.020588414995970816,-0.021302588126289986,143.64501292779514,13.77587370605007,parallel_dominates
seed_hurts_sigma0740_t14p25_14p35_w005,s0.74_t6,0.74,14.284,0.061698593508411365,0.003922866149727065,0.003922866149727065,0.0635811276507018,0.07883896405432227,0.018610457971055226,0.00036232880139873793,0.018256473708352233,0.018972786772453964,-0.020139007850642668,-0.0208553209147444,143.7522989653178,13.637046113946226,parallel_dominates
seed_hurts_sigma0740_t14p25_14p35_w005,s0.74_t7,0.74,14.285,0.062226370612715,0.003961695074978216,0.003961695074978216,0.0636658547810067,0.0788320525657929,0.01860889918177379,0.0003630236323674832,0.018253495180450566,0.01897192281414127,-0.019692979348742264,-0.02041140698243297,143.863445643304,13.494363040889676,parallel_dominates
seed_hurts_sigma0740_t14p25_14p35_w005,s0.74_t7,0.74,14.286,0.06275365592526791,0.004000757135274512,0.004000757135274512,0.0637533714376567,0.07882514145255913,0.018607341652189652,0.00036372173665616793,0.018250546722412508,0.01897106338884582,-0.019250262234801304,-0.019970778901234616,143.97835525559196,13.347922194309213,parallel_dominates
seed_hurts_sigma0740_t14p25_14p35_w005,s0.74_t7,0.74,14.287,0.06328041255740662,0.004040047769049498,0.004040047769049498,0.0638435750617848,0.07881823071466285,0.018605785386325208,0.0003644230963058732,0.018247628490955563,0.01897020848263108,-0.018810790995333747,-0.019533370987009264,144.09693324838065,13.197818129246023,parallel_dominates
seed_hurts_sigma0740_t14p25_14p35_w005,s0.74_t7,0.74,14.288,0.06380660438750095,0.004079562384056821,0.004079562384056821,0.06393636557246361,0.07881132035214326,0.01860423038820415,0.00036512769340368086,0.0182447406408319,0.01896935808160783,-0.018374501825794563,-0.019099119266570493,144.21908810379068,13.044142364792755,parallel_dominates
seed_hurts_sigma0740_t14p25_14p35_w005,s0.74_t7,0.74,14.289,0.06433219603128955,0.004119296357854237,0.004119296357854237,0.06403164530324312,0.07880441036503953,0.018602676661852058,0.0003658355100845055,0.0182418833248149,0.018968512171936562,-0.017941332596768476,-0.018667961443890137,144.34473122805665,12.886983495900832,parallel_dominates
seed_hurts_sigma0740_t14p25_14p35_w005,s0.74_t8,0.74,14.29,0.06485715281361512,0.00415924503829143,0.00415924503829143,0.06412931893948791,0.07879750075339265,0.018601124211296876,0.00036654652853123336,0.018239056693687535,0.01896767073982811,-0.017511222819560322,-0.0182398368657009,144.47377684416065,12.726427300747114,parallel_dominates
seed_hurts_sigma0740_t14p25_14p35_w005,s0.74_t8,0.74,14.291,0.06538144074146053,0.004199403743999536,0.004199403743999536,0.06422929345661474,0.0787905915172404,0.0185995730405677,0.0003672607309768763,0.01823626089622682,0.018966833771544577,-0.017084113611381027,-0.017814686486698785,144.6061418887365,12.562556843829867,parallel_dominates
seed_hurts_sigma0740_t14p25_14p35_w005,s0.74_t8,0.74,14.292,0.06590502647825364,0.004239767764885489,0.004239767764885489,0.06433147805933231,0.07878368265662507,0.018598023153696557,0.00036797809970501023,0.018233496079193334,0.018966001253401567,-0.016659947660272012,-0.017392452834480245,144.7417459130754,12.395452574962658,parallel_dominates
seed_hurts_sigma0740_t14p25_14p35_w005,s0.74_t8,0.74,14.293,0.06642787731936785,0.004280332362629189,0.004280332362629189,0.0644357841219353,0.07877677417158392,0.018596474554716132,0.0003686986170516144,0.018230762387315382,0.018965173171767748,-0.01623866918988284,-0.016973079974335205,144.88051098807583,12.225192424324439,parallel_dominates
seed_hurts_sigma0740_t14p25_14p35_w005,s0.74_t8,0.74,14.294,0.06694996116872554,0.004321092771183205,0.004321092771183205,0.0645421251297413,0.07876986606215754,0.018594927247661788,0.0003694222654046131,0.01822805996327982,0.0189643495130664,-0.01582022392429559,-0.01655651347408217,145.02236161298066,12.051851893722798,parallel_dominates
seed_hurts_sigma0740_t14p25_14p35_w005,s0.74_t9,0.74,14.295,0.0674712465165032,0.004362044197276181,0.004362044197276181,0.06465041662168258,0.07876295832838577,0.018593381236570526,0.00037014902720563375,0.01822538894771779,0.01896353026377616,-0.015404559052897171,-0.016142700368955543,145.16722462773507,11.875504144235947,parallel_dominates
seed_hurts_sigma0740_t14p25_14p35_w005,s0.74_t9,0.74,14.296,0.06799170241784978,0.0044031818209195415,0.0044031818209195415,0.06476057613411926,0.07875605097030675,0.018591836525480774,0.00037087888495166283,0.018222749479191298,0.018962715410432436,-0.014991623195460772,-0.01573158912670191,145.31502912883926,11.696220080359215,parallel_dominates
seed_hurts_sigma0740_t14p25_14p35_w005,s0.74_t9,0.74,14.297,0.0685112984725658,0.004444500795916972,0.004444500795916972,0.06487252314589684,0.07874914398796293,0.01859029311843379,0.00037161182119458785,0.01822014169418401,0.01896190493962838,-0.014581366367515045,-0.015323129612959414,145.46570638854223,11.514068430812396,parallel_dominates
seed_hurts_sigma0740_t14p25_14p35_w005,s0.74_t9,0.74,14.298,0.06903000480571164,0.004485996250375973,0.004485996250375973,0.06498617902464343,0.078742237381391,0.018588751019471255,0.0003723478185435564,0.01821756572708525,0.018961098838014813,-0.01417373994601704,-0.014917273056946602,145.61918977723212,11.329115826148582,parallel_dominates
seed_hurts_sigma0740_t14p25_14p35_w005,s0.74_t9,0.74,14.299,0.06954779204909511,0.004527663287224284,0.004527663287224284,0.06510146697436663,0.07873533115063128,0.01858721023263752,0.00037308685966423516,0.01821502171018196,0.018960297092301754,-0.013768696635453471,-0.014513972017573266,145.7754146889135,11.141426873277194,parallel_dominates
seed_hurts_sigma0740_t14p25_14p35_w005,s0.74_t10,0.74,14.3,0.07006463132358647,0.004569496984727722,0.004569496984727722,0.06521831198431573,0.07872842529572345,0.018585670761978482,0.0003738289272811136,0.01821250977364448,0.018959499689259595,-0.013366190434373742,-0.014113180349988857,145.93431846962562,10.95106422704512,parallel_dominates
seed_hurts_sigma0740_t14p25_14p35_w005,s0.74_t10,0.74,14.301,0.07058049422221885,0.004611492397010601,0.004611492397010601,0.06533664077913039,0.07872151981670683,0.018584132611541765,0.00037457400417728365,0.0182100300455161,0.018958706615719047,-0.012966176602427638,-0.013714853172630586,146.09584034868578,10.75808865899452,parallel_dominates
seed_hurts_sigma0740_t14p25_14p35_w005,s0.74_t10,0.74,14.302,0.07109535279406695,0.004653644554580568,0.004653644554580568,0.06545638177027127,0.07871461471362057,0.018582595785376663,0.0003753220731964282,0.01820758265170047,0.018957917858573092,-0.012568611627904791,-0.013318946834777412,146.25992137264217,10.562559123408745,parallel_dominates
seed_hurts_sigma0740_t14p25_14p35_w005,s0.74_t10,0.74,14.303,0.0716091795288133,0.00469594846485457,0.00469594846485457,0.06557746500872932,0.07870770998650464,0.018581060287534385,0.000376073117242034,0.018205167715952163,0.018957133404776418,-0.012173453195868194,-0.012925418884692449,146.42650434182795,10.364532820758381,parallel_dominates
seed_hurts_sigma0740_t14p25_14p35_w005,s0.74_t10,0.74,14.304,0.07212194734201514,0.004738399112687886,0.004738399112687886,0.06569982213898845,0.07870080563539843,0.0185795261220677,0.00037682711927888,0.01820278535986449,0.01895635324134658,-0.011780660156837798,-0.012534228038319887,146.59553374939182,10.164065258671894,parallel_dominates
seed_hurts_sigma0740_t14p25_14p35_w005,s0.74_t11,0.74,14.305,0.07263362956101274,0.004780991460905999,0.004780991460905999,0.06582338635424978,0.07869390166034017,0.01857799329303081,0.0003775840623343444,0.018200435702857877,0.01895557735536515,-0.011390192496094916,-0.01214533414860219,146.7669557227262,9.961210310505583,parallel_dominates
seed_hurts_sigma0740_t14p25_14p35_w005,s0.74_t11,0.74,14.306,0.07314419991146502,0.004823720450839364,0.004823720450839364,0.06594809235288754,0.0786869980613695,0.018576461804479916,0.0003783439294985389,0.018198118862170223,0.018954805733978456,-0.01100201130359274,-0.011758698175400973,146.9407179671723,9.756020271639773,parallel_dominates
seed_hurts_sigma0740_t14p25_14p35_w005,s0.74_t11,0.74,14.307,0.07365363250446766,0.004866581002860568,0.004866581002860568,0.06607387629612663,0.07868009483852692,0.018574931660473068,0.0003791067039243833,0.01819583495284682,0.018954038364397453,-0.010616078744505788,-0.01137428215605642,147.11676971192426,9.548545913573971,parallel_dominates
seed_hurts_sigma0740_t14p25_14p35_w005,s0.74_t11,0.74,14.308,0.07416190182421657,0.004909568016921617,0.004909568016921617,0.06620067576689982,0.07867319199185067,0.01857340286506946,0.0003798723688293731,0.018193584087728074,0.018953275233898833,-0.010232358030411323,-0.010992049176582083,147.29506165801118,9.33883653594561,parallel_dominates
seed_hurts_sigma0740_t14p25_14p35_w005,s0.74_t11,0.74,14.309,0.07466898271624621,0.004952676373098651,0.004952676373098651,0.06632842972991335,0.07866628952138027,0.01857187542233019,0.00038064090749595156,0.01819136637744032,0.01895251632982614,-0.009850813391107455,-0.010611963343493278,147.4755459283256,9.126940016500544,parallel_dominates
seed_hurts_sigma0740_t14p25_14p35_w005,s0.74_t12,0.74,14.31,0.07517485037613016,0.004995900932133527,0.004995900932133527,0.06645707849283392,0.07865938742715375,0.01857034933631763,0.0003814123032714541,0.01818918193038578,0.018951761639589084,-0.00947141004708954,-0.010233989756292843,147.65817601954313,8.9129028591739,parallel_dominates
seed_hurts_sigma0740_t14p25_14p35_w005,s0.74_t12,0.74,14.311,0.07567948033869953,0.005039236535981645,0.005039236535981645,0.06658656366862996,0.07865248570921249,0.018568824611096543,0.0003821865395689921,0.018187030852733467,0.018951011150665536,-0.009094114182663891,-0.00985809448059596,147.84290675591333,8.696770240299207,parallel_dominates
seed_hurts_sigma0740_t14p25_14p35_w005,s0.74_t12,0.74,14.312,0.0761828484677052,0.005082678008359485,0.005082678008359485,0.06671682813900154,0.07864558436759321,0.01856730125073218,0.00038296359986859674,0.018184913248407004,0.018950264850600775,-0.008718892919703337,-0.009484244521897108,148.02969424481225,8.478586053055837,parallel_dominates
seed_hurts_sigma0740_t14p25_14p35_w005,s0.74_t12,0.74,14.313,0.07668493094593594,0.005126220155296605,0.005126220155296605,0.0668478160189082,0.07863868340233703,0.018565779259292387,0.0003837434677171311,0.0181828292190778,0.01894952272700952,-0.008345714292050058,-0.009112407799981778,148.21849583399546,8.25839295021553,parallel_dominates
seed_hurts_sigma0740_t14p25_14p35_w005,s0.74_t12,0.74,14.314,0.07718570426573633,0.005169857765687006,0.005169857765687006,0.06697947262213384,0.0786317828134823,0.01856425864084595,0.0003845261267289256,0.018180778864153955,0.018948784767574875,-0.007974547220551468,-0.008742553123972388,148.4092700704714,8.036232385269885,parallel_dominates
seed_hurts_sigma0740_t14p25_14p35_w005,s0.74_t13,0.74,14.315,0.0776851452199496,0.005213585611845399,0.005213585611845399,0.067111744427898,0.07862488260106767,0.01856273939946321,0.0003853115605865726,0.018178762280771348,0.018948050960049784,-0.007605361488719747,-0.008374650167998182,148.60197666094473,7.81214465198579,parallel_dominates
seed_hurts_sigma0740_t14p25_14p35_w005,s0.74_t13,0.74,14.316,0.07818323089322352,0.005257398450063441,0.005257398450063441,0.06724457904846093,0.07861798276513284,0.018561221539216317,0.00038609975304044596,0.018176779563785838,0.018947321292256764,-0.007238127719023251,-0.008008669447494177,148.79657643374318,7.586168922479416,parallel_dominates
seed_hurts_sigma0740_t14p25_14p35_w005,s0.74_t13,0.74,14.317,0.07867993865369004,0.005301291021168659,0.005301291021168659,0.067377925197709,0.07861108330571642,0.018559705064178676,0.0003868906879109948,0.018174830805762113,0.018946595752089672,-0.0068728173497810685,-0.007644582296108628,148.99303130218414,7.35834328384947,parallel_dominates
seed_hurts_sigma0740_t14p25_14p35_w005,s0.74_t13,0.74,14.318,0.07917524614499312,0.0053452580510855675,0.0053452580510855675,0.06751173266069588,0.07860418422285778,0.018558189978425354,0.00038768434908699473,0.01817291609696755,0.01894587432751235,-0.006509402612670308,-0.007282360843215107,149.1913042293159,7.128704773435919,parallel_dominates
seed_hurts_sigma0740_t14p25_14p35_w005,s0.74_t13,0.74,14.319,0.07966913127864998,0.0053892942513984275,0.0053892942513984275,0.06764595226410695,0.07859728551659612,0.018556676286032858,0.0003884807205280171,0.01817103552536161,0.018945157006560874,-0.006147856510818582,-0.006921977992017846,149.39135919397543,6.897289412761644,parallel_dominates
seed_hurts_sigma0740_t14p25_14p35_w005,s0.74_t14,0.74,14.32,0.08016157222672288,0.00543339431991511,0.00543339431991511,0.06778053584762175,0.0785903871869696,0.01855516399107893,0.00038927978626324535,0.01816918917658882,0.018944443777342175,-0.005788152797487695,-0.0065634073982410515,149.59316115810557,6.664132240216037,parallel_dominates
seed_hurts_sigma0740_t14p25_14p35_w005,s0.74_t14,0.74,14.321,0.08065254741479798,0.005477552941233386,0.005477552941233386,0.06791543623615755,0.07858348923401738,0.018553653097642963,0.0003900815303927724,0.0181673771339702,0.018943734628035735,-0.00543026595532977,-0.006206623449395304,149.79667603528912,6.429267342519998,parallel_dominates
seed_hurts_sigma0740_t14p25_14p35_w005,s0.74_t14,0.74,14.322,0.08114203551525999,0.005521764787309151,0.005521764787309151,0.06805060721296177,0.07857659165777915,0.018552143609805963,0.00039088593708688194,0.018165599478496518,0.018943029546892844,-0.005074171176198301,-0.005851601244594627,150.0018706604456,6.192727885030403,parallel_dominates
seed_hurts_sigma0740_t14p25_14p35_w005,s0.74_t14,0.74,14.323,0.08163001544084078,0.005566024518026031,0.005566024518026031,0.06818600349352943,0.0785696944582934,0.01855063553165001,0.00039169299058861923,0.018163856288817722,0.018942328522238632,-0.004719844341506376,-0.005498316574927286,150.20871276064392,5.954546140925901,parallel_dominates
seed_hurts_sigma0740_t14p25_14p35_w005,s0.74_t14,0.74,14.324,0.08211646633841754,0.005610326781765158,0.005610326781765158,0.06832158070031821,0.07856279763559851,0.01854912886725862,0.0003925026752113354,0.018162147641238455,0.018941631542469955,-0.004367262003139125,-0.005146745904370625,150.41717092697522,5.7147535193352645,parallel_dominates
seed_hurts_sigma0740_t14p25_14p35_w005,s0.74_t15,0.74,14.325,0.08260136758309194,0.0056546662159792675,0.0056546662159792675,0.06845729533825233,0.07855590118973393,0.01854762362071693,0.0003933149753411614,0.018160473609709047,0.01894093859605809,-0.004016401364869433,-0.004796866351218475,150.62721458746833,5.473380592421338,parallel_dominates
seed_hurts_sigma0740_t14p25_14p35_w005,s0.74_t15,0.74,14.326,0.0830846987724838,0.0056990374477654555,0.0056990374477654555,0.0685931047709699,0.07854900512073866,0.018546119796111316,0.0003941298754362371,0.018158834265818692,0.018940249671547553,-0.0036672402643047955,-0.004448655670033656,150.83881398097742,5.230457121493116,parallel_dominates
seed_hurts_sigma0740_t14p25_14p35_w005,s0.74_t15,0.74,14.327,0.08356643972127355,0.005743435094440906,0.005743435094440906,0.06872896719780677,0.0785421094286508,0.018544617397529342,0.00039494736002682344,0.018157229678788963,0.018939564757556166,-0.0033197571553221887,-0.004102092234089392,151.05194013202095,4.986012082167273,parallel_dominates
seed_hurts_sigma0740_t14p25_14p35_w005,s0.74_t15,0.74,14.328,0.08404657045595945,0.005787853764119652,0.005787853764119652,0.06886484163149165,0.07853521411350962,0.018543116429060178,0.0003957674137168244,0.018155659915465833,0.018938883842777,-0.0029739310909980277,-0.003757155018309196,151.26656482652731,4.740073688622832,parallel_dominates
seed_hurts_sigma0740_t14p25_14p35_w005,s0.74_t15,0.74,14.329,0.08452507120982676,0.005832288056290623,0.005832288056290623,0.06900068787652876,0.07852831917535498,0.01854161689479445,0.00039659002118234103,0.01815412504031506,0.01893820691597679,-0.0026297417070170574,-0.003413823582678787,151.48266058845573,4.492669416978868,parallel_dominates
seed_hurts_sigma0740_t14p25_14p35_w005,s0.74_t16,0.74,14.33,0.08500192241811766,0.005876732562395761,0.005876732562395761,0.06913646650823475,0.07852142461422372,0.018540118798823408,0.0003974151671730478,0.018152625115413275,0.018937533965996456,-0.002287169205530369,-0.0030720780561135502,151.7002006572388,4.24382602785289,parallel_dominates
seed_hurts_sigma0740_t14p25_14p35_w005,s0.74_t16,0.74,14.331,0.08547710471339948,0.005921181866411696,0.005921181866411696,0.06927213885244625,0.07851453043015541,0.01853862214524022,0.0003982428365120614,0.01815116020044423,0.01893686498175228,-0.001946194339491003,-0.0027318991207990542,151.9191589660545,3.9935695880892985,parallel_dominates
seed_hurts_sigma0740_t14p25_14p35_w005,s0.74_t16,0.74,14.332,0.0859505989211154,0.00596563054543026,0.00596563054543026,0.06940766696582833,0.07850763662318973,0.018537126938139373,0.0003990730140963688,0.018149730352691327,0.018936199952235742,-0.0016067983974042584,-0.002393267996948674,152.13951012084354,3.7419254917412887,parallel_dominates
seed_hurts_sigma0740_t14p25_14p35_w005,s0.74_t16,0.74,14.333,0.0864223860553137,0.0060100731702410586,0.0060100731702410586,0.06954301361680036,0.07850074319336392,0.018535633181616037,0.0003999056848968077,0.018148335627031758,0.018935538866512846,-0.0012689631885184176,-0.0020561664279995055,152.36122938008555,3.4889184802938824,parallel_dominates
seed_hurts_sigma0740_t14p25_14p35_w005,s0.74_t16,0.74,14.334,0.08689244731454218,0.006054504305914512,0.006054504305914512,0.0696781422670465,0.07849385014071802,0.018534140879767333,0.0004007408339577184,0.018146976075932412,0.018934881713725052,-0.0009326710284367247,-0.0017205766662293648,152.58429263527378,3.2345726621914754,parallel_dominates
seed_hurts_sigma0740_t14p25_14p35_w005,s0.74_t17,0.74,14.335,0.08736076407791815,0.006098918512386874,0.006098918512386874,0.06981301705359597,0.07848695746528968,0.01853265003669099,0.00040157844639761807,0.018145651749442868,0.018934228483088608,-0.000597904725120682,-0.0013864814587664226,152.80867639209131,2.9789115316585084,parallel_dominates
seed_hurts_sigma0740_t14p25_14p35_w005,s0.74_t17,0.74,14.336,0.08782731790133967,0.006143310345044575,0.006143310345044575,0.06994760277144782,0.07848006516711857,0.0185311606564865,0.00040241850740985646,0.018144362695190874,0.018933579163896354,-0.00026464756529902267,-0.0010538640340045022,153.03435775222266,2.721957986890877,parallel_dominates
seed_hurts_sigma0740_t14p25_14p35_w005,s0.74_t17,0.74,14.337,0.08829209051385498,0.006187674355310502,0.006187674355310502,0.0700818648567339,0.0784731732462425,0.018529672743254077,0.0004032610022622321,0.01814310895837674,0.018932933745516307,6.71166987443357e-05,-0.0007227080883952311,153.26131439581866,2.463734347589414,pass_combined_pointwise
seed_hurts_sigma0740_t14p25_14p35_w005,s0.74_t17,0.74,14.338,0.08875506381417632,0.00623200509123087,0.00623200509123087,0.07021576937039471,0.07846628170270042,0.01852818630109541,0.0004041059162961101,0.018141890581770227,0.01893229221739152,0.00039740386201138,-0.0003929977736099148,153.48952456455496,2.204262371900568,pass_combined_pointwise
seed_hurts_sigma0740_t14p25_14p35_w005,s0.74_t17,0.74,14.339,0.08921621986732423,0.00627629709806202,0.00627629709806202,0.0703492829823508,0.07845939053653114,0.018526701334113344,0.00040495323492890684,0.018140707605703504,0.01893165456904225,0.000726229279269925,-6.471768406882128e-05,153.718967045276,1.943563272775581,pass_combined_pointwise
seed_hurts_sigma0740_t14p25_14p35_w005,s0.74_t18,0.74,14.34,0.08967554090141246,0.006320544918858906,0.006320544918858906,0.07048237295616192,0.07845249974777303,0.018525217846411753,0.00040580294365127835,0.01813956006806923,0.018931020790063032,0.0010536078771813118,0.00026214715518750945,153.94962115420674,1.6816577337537812,pass_combined_pointwise
seed_hurts_sigma0740_t14p25_14p35_w005,s0.74_t18,0.74,14.341,0.09013300930454778,0.006364743095062986,0.006364743095062986,0.0706150071341493,0.07844560933646481,0.018523735842095768,0.000406655028029782,0.018138448004314283,0.01893039087012555,0.0013795541660841966,0.0005876113002729298,154.1814667216972,1.4185659242229565,pass_combined_pointwise
seed_hurts_sigma0740_t14p25_14p35_w005,s0.74_t18,0.74,14.342,0.09058860762186846,0.006408886167092065,0.006408886167092065,0.07074715392297225,0.07843871930264565,0.01852225532527173,0.00040750947370491375,0.018137371447437576,0.018929764798976643,0.0017040822514586378,0.0009116888999195702,154.41448407749073,1.1543075141489358,pass_combined_pointwise
seed_hurts_sigma0740_t14p25_14p35_w005,s0.74_t18,0.74,14.343,0.09104231855267811,0.006452968674928898,0.006452968674928898,0.07087878227963997,0.0784318296463533,0.018520776300046768,0.0004083662663927801,0.018136330427984612,0.018929142566439548,0.0020272058450535313,0.001234393706598596,154.6486540364916,0.8889016883069019,pass_combined_pointwise
seed_hurts_sigma0740_t14p25_14p35_w005,s0.74_t18,0.74,14.344,0.09149412494770666,0.006496985158711376,0.006496985158711376,0.07100986169794747,0.07842494036762651,0.01851929877052936,0.00040922539188393886,0.01813532497404514,0.018928524162413297,0.002348938275714047,0.0015557390873458914,154.88395788500844,0.6223671600366295,pass_combined_pointwise
seed_hurts_sigma0740_t14p25_14p35_w005,s0.74_t19,0.74,14.345,0.09194400980647825,0.006540930159323094,0.006540930159323094,0.07114036219532192,0.07841805146650503,0.01851782274082927,0.00041008683604387046,0.018134355111249556,0.01892790957687314,0.0026692924999067724,0.0018757380342831892,155.12037736746555,0.35472218453957444,pass_combined_pointwise
seed_hurts_sigma0740_t14p25_14p35_w005,s0.74_t19,0.74,14.346,0.09239195627476479,0.0065847982189826005,0.0065847982189826005,0.07127025430006097,0.07841116294302554,0.018516348215056634,0.00041095058481325076,0.018133420862764992,0.018927298799869884,0.002988281111938832,0.00219440317483394,155.3578946735587,0.08598457171524132,pass_combined_pointwise
seed_hurts_sigma0740_t14p25_14p35_w005,s0.74_t19,0.74,14.347,0.09283794764216563,0.006628583881835372,0.006628583881835372,0.07139950903896077,0.07840427479722804,0.018514875197323425,0.0004118166242075025,0.01813252224929339,0.01892669182153093,0.0033059163539114755,0.002511746781673936,155.59649242583393,0.18382830142338677,pass_combined_pointwise
seed_hurts_sigma0740_t14p25_14p35_w005,s0.74_t19,0.74,14.348,0.09328196733975558,0.0066722816945435,0.0066722816945435,0.07152809792530887,0.07839738702915011,0.01851340369174205,0.0004126849403170914,0.018131659289068035,0.018926088632059142,0.0036222101253786734,0.0028277807823875664,155.83615366768785,0.45469947873305433,pass_combined_pointwise
seed_hurts_sigma0740_t14p25_14p35_w005,s0.74_t19,0.74,14.349,0.09372399893784107,0.0067158862068769235,0.0067158862068769235,0.07165599294723844,0.07839049963883103,0.018511933702426375,0.00041355551930691796,0.018130831997851777,0.01892548922173329,0.003937173992750852,0.0031425167688693377,156.0768618517539,0.7266124133384579,pass_combined_pointwise
seed_hurts_sigma0740_t14p25_14p35_w005,s0.74_t20,0.74,14.35,0.0941640261438013,0.006759391972304479,0.006759391972304479,0.07178316655642959,0.0783836126263092,0.01851046523349104,0.00041442834741739433,0.01813004038893363,0.018924893580908434,0.004250819198438081,0.0034559660064632756,156.31860082868155,0.9995509564151401,pass_combined_pointwise
