label,box_id,sigma_min,sigma_max,t_min,t_max,points,mainNormLowerConst,numeratorUpperConst,parallelUpperConst,restUpperCombinedConst,restUpperSeparateConst,budgetCombinedConst,budgetSeparateConst,min_pointwise_surplus_combined,min_pointwise_surplus_separate,max_D0_abs,max_parallel_exact,max_angle_D0_vs_M,pass_combined_const,pass_separate_const,recommended_mode
bad_window_sigma05_t11p5_13_w010,s0.5_t0,0.5,0.5,11.5,11.509,10,0.7931941859187713,1.053727803653037,1.3284613306040374,0.42573185285931014,0.42871727564495404,-0.9609989975445762,-0.9639844203302201,-0.9277668698715213,-0.930921864990103,1.3315787220271498,1.30735071936922,169.05353940836258,False,False,fail_parallel
bad_window_sigma05_t11p5_13_w010,s0.5_t1,0.5,0.5,11.51,11.519,10,0.7834026650630354,1.0254372391027191,1.3089529622932912,0.42380117356009644,0.42715798006274736,-0.9493514707903523,-0.9527082772930031,-0.9265419566806334,-0.9298987631832845,1.3305262030526657,1.2947419997880762,166.68166974354233,False,False,fail_parallel
bad_window_sigma05_t11p5_13_w010,s0.5_t10,0.5,0.5,11.6,11.609,10,0.8723597468346517,0.9748809646539867,1.1175217198997687,0.40659449967811645,0.4136650791987151,-0.6517564727432335,-0.6588270522638321,-0.6371297921813845,-0.6442003717019832,1.3210727375806999,1.1028950393379198,146.60002262389952,False,False,fail_parallel
bad_window_sigma05_t11p5_13_w010,s0.5_t100,0.5,0.5,12.5,12.509,10,1.2219425711383505,1.4079674410861982,1.152236998973322,0.33069117486214894,0.334929202694692,-0.26098560269712057,-0.26522363052966363,-0.24154655515775214,-0.2457845829902952,1.2283705925321302,1.1407714519408447,158.33770100539837,False,False,fail_parallel
bad_window_sigma05_t11p5_13_w010,s0.5_t101,0.5,0.5,12.51,12.519,10,1.235499223724954,1.4322839274696906,1.1592754572127069,0.32998651461121403,0.334542661926372,-0.2537627480989669,-0.25831889541412484,-0.23613151965819307,-0.24068766697335103,1.227358838990849,1.1493565423215997,159.57700831525986,False,False,fail_parallel
bad_window_sigma05_t11p5_13_w010,s0.5_t102,0.5,0.5,12.52,12.529,10,1.2472550213430944,1.4542232072297854,1.165938947805413,0.3292894023115738,0.3341633281483252,-0.24797332877389233,-0.2528472546106438,-0.2322305354560117,-0.23710446129276314,1.226347483162946,1.1575756409778004,160.84288590171218,False,False,fail_parallel
bad_window_sigma05_t11p5_13_w010,s0.5_t103,0.5,0.5,12.53,12.539,10,1.2571747648075355,1.4736079310293482,1.1721583762898287,0.32860123583900247,0.33379105326776864,-0.2435848473212956,-0.24877466475006177,-0.2298011123572099,-0.23499092978597608,1.2253365250698927,1.1653587509225454,162.13060660296256,False,False,fail_parallel
bad_window_sigma05_t11p5_13_w010,s0.5_t104,0.5,0.5,12.54,12.549,10,1.2652313169987994,1.4902835437725568,1.1778743726543175,0.32792339829543504,0.333425688634146,-0.2405664539509531,-0.24606874428966408,-0.22909582795149325,-0.2348751721129736,1.224325964737897,1.1726455288535549,163.43570677154725,False,False,fail_parallel
bad_window_sigma05_t11p5_13_w010,s0.5_t105,0.5,0.5,12.55,12.559,10,1.2714052857150189,1.5041193484147686,1.1830368847089343,0.3272572508309052,0.3330670850965099,-0.23888884982482061,-0.24469868409042533,-0.23071143119637644,-0.236792615412534,1.2233158021978066,1.179384866105012,164.75393717246382,False,False,fail_parallel
bad_window_sigma05_t11p5_13_w010,s0.5_t106,0.5,0.5,12.56,12.568999999999999,10,1.2756847553445865,1.5150093593716465,1.1876048161776567,0.32660412551867624,0.332715093062308,-0.23852418635174644,-0.2446351538953782,-0.23365056195550954,-0.24002587242662665,1.222306037485009,1.1855345219129996,166.08121768211385,False,False,fail_parallel
bad_window_sigma05_t11p5_13_w010,s0.5_t107,0.5,0.5,12.57,12.579,10,1.2780650603784711,1.5228729401832473,1.1915457103038882,0.3259653183218144,0.3323695625575114,-0.23944596824723152,-0.2458502124829285,-0.23787909233332571,-0.2445394074372691,1.2212966706393384,1.191060806851773,167.41359510746236,False,False,fail_parallel
bad_window_sigma05_t11p5_13_w010,s0.5_t108,0.5,0.5,12.58,12.589,10,1.277369580859884,1.5276552219803525,1.195938313289083,0.3253420821905225,0.3320303432880579,-0.24391081461972164,-0.25059907571725704,-0.24336421094566557,-0.25029905005450914,1.2202877017049973,1.195938313289083,168.74720348274624,False,False,fail_parallel
bad_window_sigma05_t11p5_13_w010,s0.5_t109,0.5,0.5,12.59,12.599,10,1.2742804627640394,1.5293273012058595,1.2001496890948156,0.32473562033036857,0.33169728470252546,-0.25060484666114474,-0.25756651103330164,-0.25007432219974096,-0.2572719011033403,1.219279130730468,1.2001496890948156,170.07822624125743,False,False,fail_parallel
bad_window_sigma05_t11p5_13_w010,s0.5_t11,0.5,0.5,11.61,11.619,10,0.8994500095012268,0.9928016915301183,1.1037875157516068,0.4047386954504002,0.4122274787653872,-0.6090762017007803,-0.6165649850157673,-0.5909503737442612,-0.5984391570592482,1.32002447493449,1.0856616877950878,145.3313822929431,False,False,fail_parallel
bad_window_sigma05_t11p5_13_w010,s0.5_t110,0.5,0.5,12.6,12.609,10,1.2693401057567197,1.5293231101894482,1.2048174506215095,0.32414707968205414,0.33137023605597715,-0.25962442454684387,-0.2668475809207669,-0.2579789580610139,-0.2654262507504273,1.2182709577684596,1.203685450430618,171.40285969919827,False,False,fail_parallel
bad_window_sigma05_t11p5_13_w010,s0.5_t111,0.5,0.5,12.61,12.619,10,1.2625771839984377,1.5275715394973668,1.2098836877914445,0.323577544653429,0.33104904647486966,-0.2708840484464358,-0.2783555502678765,-0.2670486991880109,-0.2747315057110463,1.217263182875841,1.2065438291052557,172.71727732634096,False,False,fail_parallel
bad_window_sigma05_t11p5_13_w010,s0.5_t112,0.5,0.5,12.620000000000001,12.629,10,1.2540269158630717,1.5227332182441218,1.2142747487968515,0.3230280311442361,0.33073356502294293,-0.2832758640780159,-0.29098139795672273,-0.27725510107879603,-0.2851581211399992,1.2162558061135755,1.2087306495830585,174.0175943144635,False,False,fail_parallel
bad_window_sigma05_t11p5_13_w010,s0.5_t113,0.5,0.5,12.63,12.639,10,1.2437310343608905,1.5148586259076449,1.217995357562238,0.3224994809033606,0.33042364076798025,-0.2967638041047081,-0.30468796396932774,-0.2885706195292326,-0.29667753146774917,1.215248827546704,1.2102592301756447,175.2998319908886,False,False,fail_parallel
bad_window_sigma05_t11p5_13_w010,s0.5_t114,0.5,0.5,12.64,12.649000000000001,10,1.2317377838156622,1.5040227484101638,1.221057572619897,0.32199275625719587,0.33011912284930583,-0.3113125450614305,-0.3194389116535405,-0.3009685281331511,-0.30926207287454294,1.2142422472442844,1.2111503021250798,176.55988166363488,False,False,fail_parallel
bad_window_sigma05_t11p5_13_w010,s0.5_t115,0.5,0.5,12.65,12.659,10,1.2181019445288537,1.4903241949641022,1.2234806796409314,0.32150863524619183,0.329819860545916,-0.3268873703582696,-0.33519859565799376,-0.31442281863493704,-0.3228848881776472,1.213236065279376,1.2114319390867458,177.79346753090886,False,False,fail_parallel
bad_window_sigma05_t11p5_13_w010,s0.5_t116,0.5,0.5,12.66,12.669,10,1.202884887857304,1.4738841246643273,1.2252910810857003,0.32104780720460224,0.3295257033450893,-0.34345400043299856,-0.3519318965734856,-0.32890807254063514,-0.33751980250488833,1.2122302817290231,1.21142788210229,178.99610834677705,False,False,fail_parallel
bad_window_sigma05_t11p5_13_w010,s0.5_t117,0.5,0.5,12.67,12.679,10,1.18615466479605,1.4548449938107377,1.2265221703283415,0.32061086881593903,0.32923650101134755,-0.36097837434823066,-0.3696040065436392,-0.34439928935298164,-0.3531411550898232,1.2112248966742418,1.211080243817362,179.95187365704714,False,False,fail_parallel
bad_window_sigma05_t11p5_13_w010,s0.5_t118,0.5,0.5,12.68,12.689,10,1.1679861317800109,1.433369136385256,1.227214174367637,0.3201983206737535,0.3289521036556178,-0.37942636326137963,-0.38818014624324393,-0.36087165294688966,-0.3697235686782989,1.2102199102000224,1.2102057033787426,179.7223776878489,False,False,fail_parallel
bad_window_sigma05_t11p5_13_w010,s0.5_t119,0.5,0.5,12.69,12.699,10,1.1484611179669635,1.4096371914272001,1.2274139449514647,0.3198105643740061,0.32867236180443815,-0.39876339135850736,-0.4076251887889394,-0.3783002127532511,-0.38724163319116994,1.2092153223953395,1.2088545910613047,178.60044960725762,False,False,fail_parallel
bad_window_sigma05_t11p5_13_w010,s0.5_t12,0.5,0.5,11.62,11.629,10,0.9285774527952159,1.0144751758101167,1.0925046400344207,0.402901619366339,0.41080248243334316,-0.5668288066055438,-0.574729669672548,-0.54564418935933,-0.5535450524263342,1.318976634564897,1.071320022788207,144.3149524285464,False,False,fail_parallel
bad_window_sigma05_t11p5_13_w010,s0.5_t120,0.5,0.5,12.7,12.709,10,1.1276686386855628,1.3838463922405457,1.2271746723874397,0.3194479001616012,0.32839712646906133,-0.4189539338634781,-0.42790316017093827,-0.39665945036697076,-0.40566947423996724,1.208211133353163,1.2070841583183882,177.52510302450767,False,False,fail_parallel
bad_window_sigma05_t11p5_13_w010,s0.5_t121,0.5,0.5,12.71,12.719,10,1.1057051599416765,1.3562087334163737,1.2265554892480657,0.31911052514959076,0.3281262492142991,-0.43996085445597993,-0.4489765785206883,-0.4159226947432631,-0.4249801696447813,1.2072073431704855,1.20495835115575,176.50209428588198,False,False,fail_parallel
bad_window_sigma05_t11p5_13_w010,s0.5_t122,0.5,0.5,12.72,12.729,10,1.0826749187422535,1.326949032555641,1.2256209223883763,0.3187985321252695,0.3278595822269386,-0.46174453577139224,-0.47080558587306137,-0.4360613401453885,-0.44514496810726595,1.206203951948361,1.2025474789019954,175.53760289112387,False,False,fail_parallel
bad_window_sigma05_t11p5_13_w010,s0.5_t123,0.5,0.5,12.73,12.739,10,1.058690303324882,1.2963029043248206,1.2244401410437988,0.31851190895275827,0.32759697838358326,-0.4842617466716751,-0.4933468161025001,-0.4570438104269223,-0.4661322536162968,1.2052009597919342,1.1999277362611427,174.6382758789454,False,False,fail_parallel
bad_window_sigma05_t11p5_13_w010,s0.5_t124,0.5,0.5,12.74,12.749,10,1.0338722958915485,1.2645146650648802,1.2230859363287607,0.3182505385770202,0.327338291317758,-0.5074641790142325,-0.5165519317549703,-0.4788342012875128,-0.48790618722455925,1.2041983668104965,1.1971805250674634,173.81126994423067,False,False,fail_parallel
bad_window_sigma05_t11p5_13_w010,s0.5_t125,0.5,0.5,12.75,12.759,10,1.008350977739922,1.231835186597982,1.2216333536552606,0.3180141996293656,0.3270833754861241,-0.5312965755447042,-0.5403657514014627,-0.5013905194966939,-0.5104249451947145,1.2031961731175356,1.1943915085226178,173.06428863939928,False,False,fail_parallel
bad_window_sigma05_t11p5_13_w010,s0.5_t126,0.5,0.5,12.76,12.769,10,0.9822660922189723,1.1985197181348164,1.2201578855555524,0.31780256762969017,0.3268320862336463,-0.5556943609662702,-0.5647238795702263,-0.5246624261666151,-0.5336384606050086,1.2021943788307978,1.1916493151941339,172.40561081153822,False,False,fail_parallel
bad_window_sigma05_t11p5_13_w010,s0.5_t127,0.5,0.5,12.77,12.779,10,0.9557676539791751,1.1648256952768465,1.2187331203638188,0.31761521677584953,0.3265842798575684,-0.5805806831604932,-0.5895497462422121,-0.5485883826424969,-0.5574855669968133,1.2011929840723528,1.1890437936603027,171.8441048408972,False,False,fail_parallel
bad_window_sigma05_t11p5_13_w010,s0.5_t128,0.5,0.5,12.78,12.789,10,0.9290165826095547,1.131010555033304,1.2174277361727601,0.3174516223058568,0.3263398136700577,-0.6058627758690622,-0.6147509672332632,-0.5730920970364068,-0.5818904421079518,1.2001919889686579,1.1866637034792737,171.38922120237433,False,False,fail_parallel
bad_window_sigma05_t11p5_13_w010,s0.5_t129,0.5,0.5,12.79,12.799,10,0.9021853238296151,1.0973295755339252,1.216301735962582,0.3173111634140962,0.32609854605937066,-0.6314275755470631,-0.6402149581923375,-0.5980781841521843,-0.6067582644622199,1.199191393650646,1.1845937179874881,171.05095332126487,False,False,fail_parallel
bad_window_sigma05_t11p5_13_w010,s0.5_t13,0.5,0.5,11.63,11.639,10,0.9592928181870146,1.0396784066844982,1.0837967166786526,0.40108527004756644,0.40939016007337353,-0.5255891685392045,-0.5338940585650116,-0.5017822369873544,-0.5100871270131615,1.317929215896815,1.0599897851268025,143.5411933410316,False,False,fail_parallel
bad_window_sigma05_t11p5_13_w010,s0.5_t130,0.5,0.5,12.8,12.809,10,0.8754584006980941,1.0640337587191633,1.2154018487579745,0.3171931266983755,0.3258603365494264,-0.6571365747582559,-0.6658037846093068,-0.6234269924609541,-0.631970036501162,1.198191198253789,1.1829106157730747,170.83975365221482,False,False,fail_parallel
bad_window_sigma05_t11p5_13_w010,s0.5_t131,0.5,0.5,12.81,12.818999999999999,10,0.8490328096789465,1.031367773734555,1.2147560871346736,0.3170967101107381,0.3256250458576423,-0.6828199875664653,-0.6913483233133695,-0.648988634073969,-0.6573766102351755,1.1971914029181954,1.1816785606161897,170.82718236755605,False,False,fail_parallel
bad_window_sigma05_t11p5_13_w010,s0.5_t132,0.5,0.5,12.82,12.829,10,0.8231181412703517,0.9995679780512186,1.2143675712316881,0.31702102738119614,0.3253925359509373,-0.7082704573425327,-0.7166419659122738,-0.6745763964329031,-0.6827920941677057,1.1961920077886825,1.1809434287552727,171.0454141528959,False,False,fail_parallel
bad_window_sigma05_t11p5_13_w010,s0.5_t133,0.5,0.5,12.83,12.839,10,0.7979362629538247,0.9688605324880587,1.214207922950514,0.3169651128803618,0.3251626700997892,-0.7332367728770511,-0.7414343300964785,-0.6999599381215235,-0.707987043932977,1.1951930130148651,1.1809653673009366,171.4319155944224,False,False,fail_parallel
bad_window_sigma05_t11p5_13_w010,s0.5_t134,0.5,0.5,12.84,12.849,10,0.7737203566266475,0.9394596253308947,1.2142108156839193,0.3169279268840723,0.32493531293024536,-0.7574183859413441,-0.7654257719875172,-0.7248589906964944,-0.7326821585840205,1.1941944187512434,1.1816697895650168,171.99546038362365,False,False,fail_parallel
bad_window_sigma05_t11p5_13_w010,s0.5_t135,0.5,0.5,12.85,12.859,10,0.750713060644884,0.9115658196403283,1.214266631857007,0.316908361200715,0.3247103304738109,-0.7804619324128381,-0.788263901685934,-0.7489386997646128,-0.7565436157992593,1.1931962251572934,1.1827469093561211,172.7428446355182,False,False,fail_parallel
bad_window_sigma05_t11p5_13_w010,s0.5_t136,0.5,0.5,12.86,12.869,10,0.7291634409995734,0.8853645366236171,1.2142195930859006,0.3169154920006702,0.32448759021512913,-0.8019716440869973,-0.8095437423014562,-0.7718081978300844,-0.7791816385737489,1.1921984323975507,1.1840561468289876,173.6779939356049,False,False,fail_parallel
bad_window_sigma05_t11p5_13_w010,s0.5_t137,0.5,0.5,12.870000000000001,12.879,10,0.7093225264080789,0.8610246866280951,1.2138690857432894,0.31694020845659576,0.32426696113738906,-0.8214867677918063,-0.8288135204725996,-0.7930243992775698,-0.8001542838043523,1.1912010406416933,1.185406717229053,174.8009570584546,False,False,fail_parallel
bad_window_sigma05_t11p5_13_w010,s0.5_t138,0.5,0.5,12.88,12.889,10,0.6914372128118115,0.8386974579078458,1.2129770315618147,0.31697768443034974,0.3240483137654148,-0.8385175031803529,-0.845588132515418,-0.8121031509880385,-0.8189785863100161,1.1902040500646334,1.1865626793695003,176.10686336645628,False,False,fail_parallel
bad_window_sigma05_t11p5_13_w010,s0.5_t139,0.5,0.5,12.89,12.899000000000001,10,0.6757424979583031,0.8185152718332519,1.2112828101034407,0.31702656687130637,0.32383152020638045,-0.852566879016444,-0.859371832351518,-0.8285394969592321,-0.8351508167032238,1.1892074608465923,1.1872554280462289,177.58496896287105,False,False,fail_parallel
bad_window_sigma05_t11p5_13_w010,s0.5_t14,0.5,0.5,11.64,11.649,10,0.9911764566264095,1.068160499861108,1.0776693622210551,0.39929160468243785,0.40799057899469043,-0.48578451027708347,-0.49448348458933605,-0.45977797761292694,-0.4684769519251795,1.3168822183635858,1.0516628295568986,142.9966692775979,False,False,fail_parallel
bad_window_sigma05_t11p5_13_w010,s0.5_t140,0.5,0.5,12.9,12.909,10,0.662452258375154,0.8005909116701021,1.2085262017730471,0.3170854725635467,0.32361645418812324,-0.8631594159614399,-0.8696903975860164,-0.8418376655298864,-0.8481764617558256,1.1882112731731829,1.1873401726795172,179.2179608071935,False,False,fail_parallel
bad_window_sigma05_t11p5_13_w010,s0.5_t141,0.5,0.5,12.91,12.919,10,0.651749113013264,0.7850168304639012,1.2044770215865641,0.31715299508401357,0.32340299109504117,-0.8698809036573136,-0.8761308996683412,-0.8515493720403919,-0.8576085201352421,1.1872154872354854,1.1871479624258396,179.91474030998305,False,False,fail_parallel
bad_window_sigma05_t11p5_13_w010,s0.5_t142,0.5,0.5,12.92,12.929,10,0.6437742719573891,0.771864641941219,1.1989678301283653,0.31722771178189224,0.3231910080015425,-0.8724212699528684,-0.8783845661725187,-0.8573164197307406,-0.8630900963542992,1.1862201032301085,1.185975256783838,178.8358488720722,False,False,fail_parallel
bad_window_sigma05_t11p5_13_w010,s0.5_t143,0.5,0.5,12.93,12.939,10,0.6386185444357659,0.7611847966978348,1.1919240418712846,0.3173081907382079,0.3229803837030809,-0.8706136881737265,-0.8762858811385996,-0.8589426637063489,-0.8644736454542958,1.1852251213592757,1.1835613773111584,176.96379368175485,False,False,fail_parallel
bad_window_sigma05_t11p5_13_w010,s0.5_t144,0.5,0.5,12.94,12.949,10,0.6363157603452595,0.7530064442973067,1.1833848715121118,0.3173929976661922,0.32277099874474485,-0.8644621088330445,-0.8698401099115971,-0.858837045693749,-0.8642915441167116,1.18423054183086,1.179780387734212,175.03129604942055,False,False,fail_parallel
bad_window_sigma05_t11p5_13_w010,s0.5_t145,0.5,0.5,12.95,12.959,10,0.6361788994087479,0.7473374802689092,1.1747284937671933,0.31748070271483386,0.3225627354474659,-0.8560302970732793,-0.8611123298059113,-0.8557719182846517,-0.8609329924584626,1.1832363648584614,1.1746121623836738,173.07809735939213,False,False,fail_parallel
bad_window_sigma05_t11p5_13_w010,s0.5_t146,0.5,0.5,12.96,12.969,10,0.637044720017013,0.7441647753840674,1.1681515472951314,0.31756988714003814,0.3223554779318396,-0.8486767144181566,-0.853462305209958,-0.8485964051413383,-0.853462305209958,1.1822425906614362,1.1681515472951314,171.14500722916623,False,False,fail_parallel
bad_window_sigma05_t11p5_13_w010,s0.5_t147,0.5,0.5,12.97,12.979,10,0.6405771567184607,0.7448768078899931,1.1628213714423365,0.3176591498100046,0.3221491121396306,-0.8399033645338805,-0.8443933268635064,-0.8376028233975448,-0.8421731027192927,1.1812492194649522,1.1606011472981228,169.2714440087421,False,False,fail_parallel
bad_window_sigma05_t11p5_13_w010,s0.5_t148,0.5,0.5,12.98,12.989,10,0.6466945058312823,0.7486812502924042,1.1577046712806456,0.3177471135137189,0.32194352585298974,-0.8287572789630822,-0.832953691302353,-0.8232225541540812,-0.8274980528895253,1.1802562515000152,1.1522490328678179,167.49317605438526,False,False,fail_parallel
bad_window_sigma05_t11p5_13_w010,s0.5_t149,0.5,0.5,12.99,12.999,10,0.655206895103544,0.7547398216008847,1.1519106823221255,0.317832431043807,0.3217386087114528,-0.8145362182623884,-0.8184423959300342,-0.8059851273903196,-0.8099679498199861,1.1792636870034998,1.1434362362120774,165.8405680679154,False,False,fail_parallel
bad_window_sigma05_t11p5_13_w010,s0.5_t15,0.5,0.5,11.65,11.659,10,1.0238417614557864,1.099644865001444,1.0740379093717316,0.3975225299095468,0.4066038038619226,-0.44771867782549196,-0.45679995177786775,-0.4199153024099455,-0.4289965763623213,1.3158356414068817,1.0462345339561852,142.6656794766571,False,False,fail_parallel
bad_window_sigma05_t11p5_13_w010,s0.5_t150,0.5,0.5,13.0,13.0,1,0.6658896786655252,0.7554656765392589,1.1345207783566316,0.31784076642866965,0.3215342522267851,-0.786471866119776,-0.7901653519178915,-0.786471866119776,-0.7901653519178915,1.178271526218158,1.1345207783566316,164.3375120982361,False,False,fail_parallel
bad_window_sigma05_t11p5_13_w010,s0.5_t16,0.5,0.5,11.66,11.669,10,1.0569360027163153,1.1338315785294517,1.0727532940646507,0.39577989287345977,0.40522989661365805,-0.4115971842217952,-0.4210471879619935,-0.38237638906150845,-0.3918263928017067,1.3147894844765777,1.043532498904364,142.56506427033523,False,False,fail_parallel
bad_window_sigma05_t11p5_13_w010,s0.5_t17,0.5,0.5,11.67,11.679,10,1.090139463845175,1.1703999412302484,1.0736240454060586,0.3940654725016123,0.4038689163828823,-0.377550054062496,-0.387353497943766,-0.3472665494388686,-0.3570699933201386,1.313743747030641,1.0451148573123523,142.75873167257578,False,False,fail_parallel
bad_window_sigma05_t11p5_13_w010,s0.5_t18,0.5,0.5,11.68,11.689,10,1.1231635799714368,1.209011198580288,1.0764337627570104,0.3923809710520016,0.40252091941965534,-0.3456511538375752,-0.35579110220522897,-0.3146348960212874,-0.32477484438894116,1.3126984285349903,1.0490183882711255,143.10186528881675,False,False,fail_parallel
bad_window_sigma05_t11p5_13_w010,s0.5_t19,0.5,0.5,11.69,11.699,10,1.1557485783383934,1.2493114004669996,1.0809543043203396,0.39072800598160984,0.40118595901637083,-0.315933731963556,-0.326391684998317,-0.2844907097696765,-0.2949486628044375,1.3116535284633817,1.0547107867267396,143.57979446095374,False,False,fail_parallel
bad_window_sigma05_t11p5_13_w010,s0.5_t2,0.5,0.5,11.52,11.529,10,0.7784583989634635,1.0011622570103778,1.2860831848477066,0.42186899488013685,0.42561046760719573,-0.9294937807643799,-0.9332352534914388,-0.9183139513726282,-0.922055424099687,1.3294741125923182,1.2791330736506608,164.1824657952807,False,False,fail_parallel
bad_window_sigma05_t11p5_13_w010,s0.5_t20,0.5,0.5,11.7,11.709,10,1.1876609550301231,1.2909343758738407,1.0869553052210075,0.3891081021853364,0.3998640854359158,-0.28840245237622075,-0.2991584356268001,-0.256815936745338,-0.26757191999591734,1.3106090462972697,1.0619439766101924,144.17895503468765,False,False,fail_parallel
bad_window_sigma05_t11p5_13_w010,s0.5_t21,0.5,0.5,11.71,11.719,10,1.2186909958191878,1.3335047972352865,1.0942107571238124,0.38752268465460904,0.39855534584302643,-0.26304244595923365,-0.27407510714765104,-0.23157445372880858,-0.24260711491722597,1.3095649815256813,1.0704797413094214,144.8869062271385,False,False,fail_parallel
bad_window_sigma05_t11p5_13_w010,s0.5_t22,0.5,0.5,11.72,11.729,10,1.2486504593872136,1.3766413085119285,1.102503345241652,0.38597307160369104,0.3972597842391404,-0.23982595745812935,-0.2511126700935787,-0.208718767875617,-0.22000548051106633,1.3085213336450843,1.08009251517218,145.69229653058935,False,False,fail_parallel
bad_window_sigma05_t11p5_13_w010,s0.5_t23,0.5,0.5,11.73,11.739,10,1.2773704811663948,1.419959690602975,1.1116271367930617,0.38446046811001794,0.39597744140100344,-0.21871712373668478,-0.23023409702767028,-0.18819474883167847,-0.19971172212266397,1.3074781021592663,1.090570900007798,146.58479924108187,False,False,fail_parallel
bad_window_sigma05_t11p5_13_w010,s0.5_t24,0.5,0.5,11.74,11.749,10,1.3046997179284459,1.463076037505462,1.1213890962040522,0.3829859603126587,0.394708354823272,-0.19967533858826508,-0.21139773309887838,-0.16994489150873165,-0.18166728601934495,1.306435286579199,1.1017183106471768,147.55503172429067,False,False,fail_parallel
bad_window_sigma05_t11p5_13_w010,s0.5_t25,0.5,0.5,11.75,11.759,10,1.3305027304213954,1.505609916647043,1.1316097909623888,0.38155051021018477,0.3934525586653449,-0.1826575707511781,-0.19455961920633824,-0.15391050462390216,-0.16581255307906229,1.3053928864229165,1.1133530468335924,148.59446777134977,False,False,fail_parallel
bad_window_sigma05_t11p5_13_w010,s0.5_t26,0.5,0.5,11.76,11.769,10,1.3546585887435003,1.5471874870605258,1.142123557859404,0.38015495109586794,0.3922100837026125,-0.16761992021177163,-0.1796750528185162,-0.1400331282064713,-0.15208826081321586,1.3043509012153949,1.1253080045349433,149.69534900737435,False,False,fail_parallel
bad_window_sigma05_t11p5_13_w010,s0.5_t27,0.5,0.5,11.77,11.779,10,1.3770596790835112,1.5874445495324512,1.15277832445792,0.37879998366420303,0.3909809572822979,-0.15451862903861174,-0.16669960265670664,-0.1282554073239492,-0.14043638094204408,1.3033093304884338,1.137430175959634,150.85059896264255,False,False,fail_parallel
bad_window_sigma05_t11p5_13_w010,s0.5_t28,0.5,0.5,11.78,11.789,10,1.3976106884223374,1.626029503537337,1.1634352234189376,0.3774861728183391,0.38976520328404146,-0.14331070781493932,-0.15558973828064165,-0.11852158934934626,-0.1308006198150486,1.3022681737805453,1.1495800405458296,152.05374182086953,False,False,fail_parallel
bad_window_sigma05_t11p5_13_w010,s0.5_t29,0.5,0.5,11.79,11.799,10,1.41622774410813,1.662606186659986,1.1739680948751734,0.3762139452031038,0.3885628420853373,-0.1339542959701473,-0.1463031928523808,-0.11077776623066782,-0.12312666311290132,1.3012274306368328,1.1616309153129691,153.29882680171232,False,False,fail_parallel
bad_window_sigma05_t11p5_13_w010,s0.5_t3,0.5,0.5,11.53,11.539,10,0.7778278913571095,0.9810524924300504,1.2612719386011813,0.4199372226930524,0.4240748291258595,-0.9033812699371242,-0.9075188763699312,-0.9023169584134489,-0.9064545648462561,1.3284224499813098,1.2606137467194638,161.61442803165426,False,False,fail_parallel
bad_window_sigma05_t11p5_13_w010,s0.5_t30,0.5,0.5,11.8,11.809,10,1.432837686808026,1.6968565732995828,1.1842629412405528,0.37498358748300725,0.38737389053193005,-0.1264088419155341,-0.1387991449644569,-0.10497194887276412,-0.11736225192168692,1.3001871006089083,1.1734683089955986,154.5803584516138,False,False,fail_parallel
bad_window_sigma05_t11p5_13_w010,s0.5_t31,0.5,0.5,11.81,11.819,10,1.4473774575359544,1.7284833107329158,1.194217376907004,0.3737952453789308,0.3861983619132126,-0.12063516474998032,-0.13303828128426215,-0.10105403540809438,-0.11345715194237621,1.2991471832547725,1.1849893077092184,155.89323268931292,False,False,fail_parallel
bad_window_sigma05_t11p5_13_w010,s0.5_t32,0.5,0.5,11.82,11.829,10,1.4597935818574193,1.7572120720769606,1.2037400999126948,0.3726489234713046,0.38503626594268603,-0.11659544152658019,-0.1289827839979616,-0.09897571666492522,-0.11136305913630662,1.2981076781387402,1.1961020085017948,157.2326781953127,False,False,fail_parallel
bad_window_sigma05_t11p5_13_w010,s0.5_t33,0.5,0.5,11.83,11.839,10,1.470041736750976,1.7827937073212647,1.212750402081454,0.3715444857714445,0.38388760874346783,-0.11425315110192247,-0.1265962740739458,-0.0999291711380485,-0.11220840249866515,1.2970685848313477,1.2067250095026976,158.59420258928296,False,False,fail_parallel
bad_window_sigma05_t11p5_13_w010,s0.5_t34,0.5,0.5,11.84,11.849,10,1.4780863878453172,1.8050061753819626,1.221177726975223,0.3704816570564931,0.38275239283884716,-0.11357299618639899,-0.12584373196875304,-0.1029272577716398,-0.11510909892187765,1.296029902909277,1.216786960374871,159.9735427651146,False,False,fail_parallel
bad_window_sigma05_t11p5_13_w010,s0.5_t35,0.5,0.5,11.85,11.859,10,1.4839004867979508,1.8236562420479705,1.2289612802696526,0.36946002495721514,0.3816306171478283,-0.11452081842891687,-0.12669141061953004,-0.10759116569227428,-0.11964834224929288,1.2949916319552888,1.2262261735966475,161.36661872249653,False,False,fail_parallel
bad_window_sigma05_t11p5_13_w010,s0.5_t36,0.5,0.5,11.86,11.869,10,1.4874652204255614,1.8385809307271834,1.2360496941240537,0.36847904278172944,0.3805222769855974,-0.11706351648022179,-0.12910675068408972,-0.11387945503379393,-0.12578534926891538,1.293953771558156,1.2349902951646146,162.76949022775025,False,False,fail_parallel
bad_window_sigma05_t11p5_13_w010,s0.5_t37,0.5,0.5,11.87,11.879,10,1.4880089290423002,1.8496487150397587,1.243036032203257,0.36753803305235544,0.37942736406881994,-0.12256513621331222,-0.13445446722977672,-0.12175174189601229,-0.13348051616137413,1.2929163213126167,1.243036032203257,164.17831564283014,False,False,fail_parallel
bad_window_sigma05_t11p5_13_w010,s0.5_t38,0.5,0.5,11.88,11.889,10,1.4850175769385014,1.8567604445277692,1.250328934392581,0.36663619172705353,0.3783458665256367,-0.13194754918113305,-0.1436572239797162,-0.13116861828234694,-0.14269533364286102,1.2918792808193251,1.250328934392581,165.58931227168443,False,False,fail_parallel
bad_window_sigma05_t11p5_13_w010,s0.5_t39,0.5,0.5,11.89,11.899000000000001,10,1.4797788290230054,1.8598499970360651,1.2568432258650397,0.3657725930716535,0.3772777689102312,-0.14283698991368782,-0.1543421657522655,-0.1420915897467273,-0.15339231920557572,1.290842649684817,1.2568432258650397,166.99871758224728,False,False,fail_parallel
bad_window_sigma05_t11p5_13_w010,s0.5_t4,0.5,0.5,11.54,11.549,10,0.7786864486979237,0.9652232641278288,1.2395531805411815,0.41800781234014794,0.42255115373795415,-0.8788745441834057,-0.8834178855812119,-0.8788745441834057,-0.8834178855812119,1.3273712145641474,1.2395531805411815,159.04164181556823,False,False,fail_parallel
bad_window_sigma05_t11p5_13_w010,s0.5_t40,0.5,0.5,11.9,11.909,10,1.4723119488234828,1.8599867698677999,1.2633102457356988,0.36494619514418963,0.37622305222179625,-0.15594449205640565,-0.16722134913401226,-0.15448302888719984,-0.16553496463555584,1.289806427521478,1.2625616841149276,168.4027506669062,False,False,fail_parallel
bad_window_sigma05_t11p5_13_w010,s0.5_t41,0.5,0.5,11.91,11.919,10,1.462643738034592,1.8585648403938992,1.2706886797268355,0.36415584584831623,0.3751816939277219,-0.17220078754055973,-0.18322663561996538,-0.16830614161640128,-0.179087695784323,1.288770613947531,1.2674755623765008,169.79757330243302,False,False,fail_parallel
bad_window_sigma05_t11p5_13_w010,s0.5_t42,0.5,0.5,11.92,11.929,10,1.4508085309523415,1.8531412982272406,1.277316240352405,0.3634002895089685,0.3741536679908116,-0.18990799890903198,-0.20066137739087508,-0.1835249418523714,-0.1940158402873542,1.2877352085870228,1.27158455174615,171.1792499612147,False,False,fail_parallel
bad_window_sigma05_t11p5_13_w010,s0.5_t43,0.5,0.5,11.93,11.939,10,1.4368482224114039,1.843702963075563,1.2831577715155964,0.36267817392025975,0.37313894490030086,-0.2089877230244523,-0.2194484940044934,-0.2001042287610562,-0.21028559741281577,1.2867002110698182,1.2748967789341934,172.54370610936525,False,False,fail_parallel
bad_window_sigma05_t11p5_13_w010,s0.5_t44,0.5,0.5,11.94,11.949,10,1.4208123320974173,1.8303200386876317,1.2882208278595775,0.3619880578130472,0.3721374917064718,-0.22939655357520738,-0.23954598746863198,-0.21800955878257994,-0.2278640023267411,1.2856656210316133,1.277428834804719,173.8866841050245,False,False,fail_parallel
bad_window_sigma05_t11p5_13_w010,s0.5_t45,0.5,0.5,11.95,11.959,10,1.402758109357917,1.8130947698629252,1.2925213247869451,0.36132841868768945,0.3711492720586055,-0.2510916341167177,-0.26091248748763374,-0.2372072021987381,-0.24671887458745811,1.2846314381139445,1.2792058276401856,175.20369598440533,False,False,fail_parallel
bad_window_sigma05_t11p5_13_w010,s0.5_t46,0.5,0.5,11.96,11.969,10,1.382750684001116,1.7921604247285607,1.2960835568294786,0.3606976609562919,0.3701742462460433,-0.27403053378465464,-0.283507119074406,-0.25766407071453223,-0.2668187373981409,1.283597661964213,1.2802614531491172,176.48997239827824,False,False,fail_parallel
bad_window_sigma05_t11p5_13_w010,s0.5_t47,0.5,0.5,11.97,11.979,10,1.3608632700799865,1.7676800248241555,1.298940212208283,0.3600941243381022,0.36921237124209677,-0.29817106646639857,-0.30728931337039317,-0.27934759813534654,-0.2881326897551558,1.282564292235711,1.2806380703522737,177.74040694470034,False,False,fail_parallel
bad_window_sigma05_t11p5_13_w010,s0.5_t48,0.5,0.5,11.98,11.989,10,1.337177431335314,1.739844834945341,1.3011323659627734,0.3595160924517613,0.3682636007505544,-0.3234710270792207,-0.3322185353780138,-0.30222555034126825,-0.3106302077492512,1.2815313285876706,1.2806402776467822,178.9494951461315,False,False,fail_parallel
bad_window_sigma05_t11p5_13_w010,s0.5_t49,0.5,0.5,11.99,11.999,10,1.3117834188302655,1.708872626657093,1.3027094275828834,0.3589618015486842,0.36732788525451393,-0.3498878103013021,-0.35825389400713187,-0.32626573290077676,-0.3342808434162532,1.280498770685289,1.2803293309945862,179.99740027116334,False,False,fail_parallel
bad_window_sigma05_t11p5_13_w010,s0.5_t5,0.5,0.5,11.55,11.559,10,0.7839637102476472,0.9537547248113254,1.2165801966905365,0.4160827601501536,0.4210395287562716,-0.848699246593043,-0.8536560151991609,-0.848699246593043,-0.8536560151991609,1.3263204056945794,1.2165801966905365,156.52869391233955,False,False,fail_parallel
bad_window_sigma05_t11p5_13_w010,s0.5_t50,0.5,0.5,12.0,12.009,10,1.2847805933465242,1.675005731220813,1.3037290101478358,0.3584294493330162,0.3664051720672971,-0.37737786613432783,-0.38535358886860877,-0.3514355542041485,-0.3590537790704781,1.2794666181997933,1.279456788054823,179.7754032901669,False,False,fail_parallel
bad_window_sigma05_t11p5_13_w010,s0.5_t51,0.5,0.5,12.01,12.019,10,1.256277947291101,1.6385088993691175,1.304256675763685,0.3579172038152117,0.36549540538517594,-0.4058959322877958,-0.41347413385776005,-0.3777013881565261,-0.3849171812116602,1.2784348708084876,1.2780921169954587,178.67321920306824,False,False,fail_parallel
bad_window_sigma05_t11p5_13_w010,s0.5_t52,0.5,0.5,12.02,12.029,10,1.2263947430879851,1.599666986895809,1.3043654956217017,0.3574232121483799,0.3645985263416595,-0.43539396468209646,-0.44256927887537606,-0.4050276623213462,-0.41183727994451325,1.2774035281948206,1.2763133848563537,177.63273832108914,False,False,fail_parallel
bad_window_sigma05_t11p5_13_w010,s0.5_t53,0.5,0.5,12.03,12.039,10,1.1952612871102222,1.5587824863935749,1.3041353411204644,0.35694560939894776,0.3637144730630848,-0.46581966340918995,-0.472588527073327,-0.4333755738958186,-0.4397770763383676,1.276372590048441,1.2742069555948274,176.66187268266623,False,False,fail_parallel
bad_window_sigma05_t11p5_13_w010,s0.5_t54,0.5,0.5,12.04,12.049,10,1.163019859800746,1.51617292665737,1.3036517939746342,0.3564825272059576,0.3628431807252804,-0.4971144613798458,-0.5034751148991685,-0.46270130597942555,-0.4686945502305997,1.2753420560652788,1.2718669423270619,175.76934641242627,False,False,fail_parallel
bad_window_sigma05_t11p5_13_w010,s0.5_t55,0.5,0.5,12.05,12.059,10,1.1298258231482832,1.4721681622681864,1.3030045269862562,0.3560321022863146,0.36198458161104935,-0.5292108061242877,-0.5351632854490225,-0.49295357948093527,-0.49854020385899245,1.2743119259476083,1.2693943036503614,174.96479561980613,False,False,fail_parallel
bad_window_sigma05_t11p5_13_w010,s0.5_t56,0.5,0.5,12.06,12.069,10,1.0958489251663939,1.4271075766726165,1.3022849627341873,0.35559248474643557,0.3611386051682607,-0.562028522314229,-0.5675746427360541,-0.524070331743256,-0.5292537324386717,1.2732821994041255,1.2668954364401557,174.25886978557395,False,False,fail_parallel
bad_window_sigma05_t11p5_13_w010,s0.5_t57,0.5,0.5,12.07,12.079,10,1.0612748159516363,1.381337222672203,1.3015829659856475,0.3551618461640904,0.3603051780683208,-0.5954699961981016,-0.600613328102332,-0.5559742634597468,-0.5607595632902757,1.272252876150027,1.264480070798554,173.6633289404816,False,False,fail_parallel
bad_window_sigma05_t11p5_13_w010,s0.5_t58,0.5,0.5,12.08,12.089,10,1.0263067789444333,1.3352069246291283,1.3009822715995327,0.354738387407535,0.3594842242648274,-0.6294138800626343,-0.6341597169199268,-0.5885669463306819,-0.5929609559976965,1.271223955907084,1.2622582174849049,173.19112737994095,False,False,fail_parallel
bad_window_sigma05_t11p5_13_w010,s0.5_t59,0.5,0.5,12.09,12.099,10,0.9911676607496172,1.2890673668791377,1.3005543037029879,0.35432034616243535,0.3586756650522136,-0.6637069891158061,-0.6680623080055843,-0.6217211475357441,-0.6257323196976279,1.2701954384037266,1.2603358578948785,172.85646954376548,False,False,fail_parallel
bad_window_sigma05_t11p5_13_w010,s0.5_t6,0.5,0.5,11.56,11.569,10,0.7938609230826407,0.9466913060991934,1.1925153116532015,0.41416409473080895,0.41954003960698644,-0.8128184833013697,-0.8181944281775473,-0.8128184833013697,-0.8181944281775473,1.3252700227355416,1.1925153116532015,154.1354913575353,False,False,fail_parallel
bad_window_sigma05_t11p5_13_w010,s0.5_t60,0.5,0.5,12.1,12.109,10,0.9561019484396907,1.2432671928179395,1.3003500252738611,0.3539060041403594,0.35787941912420024,-0.6981540809745299,-0.7021274959583708,-0.6552710272909146,-0.6589094037923983,1.2691673233751144,1.2588090111847576,172.67481656074546,False,False,fail_parallel
bad_window_sigma05_t11p5_13_w010,s0.5_t61,0.5,0.5,12.11,12.119,10,0.9213778882247561,1.1981501388955516,1.300389508157245,0.3534936939458997,0.3570954026318982,-0.7325053138783886,-0.7361070225643871,-0.6889999442497943,-0.6922770968661298,1.268139610563221,1.2577557827398727,172.8116141309081,False,False,fail_parallel
bad_window_sigma05_t11p5_13_w010,s0.5_t62,0.5,0.5,12.12,12.129,10,0.8872894559906637,1.15405222731662,1.3006490943004774,0.3530818055825572,0.35632352924140326,-0.7664414438923709,-0.769683167551217,-0.7226258273563682,-0.7255547924282597,1.2671122997169015,1.257226030204125,173.17102498516346,False,False,fail_parallel
bad_window_sigma05_t11p5_13_w010,s0.5_t63,0.5,0.5,12.13,12.139,10,0.8541578707972755,1.1112990406089382,1.3010464208117005,0.35266879258053047,0.35556371019076416,-0.7995573425949556,-0.8024522602051892,-0.7557845391391667,-0.7583797464886248,1.2660853905919767,1.2576475130541058,173.75236722831823,False,False,fail_parallel
bad_window_sigma05_t11p5_13_w010,s0.5_t64,0.5,0.5,12.14,12.149000000000001,10,0.8223321827776983,1.070203100393705,1.3014243183074032,0.3522531777322975,0.35481585434618274,-0.8313453132620024,-0.8339079898758877,-0.7880124850944512,-0.7902896816233658,1.2650588829512885,1.2584689289635047,174.5730183550518,False,False,fail_parallel
bad_window_sigma05_t11p5_13_w010,s0.5_t65,0.5,0.5,12.15,12.159,10,0.7921882730316236,1.0310613716771093,1.3015357671621959,0.35183355842452635,0.3540798682573698,-0.8611810525550986,-0.863427362387942,-0.8187310259630036,-0.8207071943454689,1.2640327765647748,1.2594679170188736,175.64814928468667,False,False,fail_parallel
bad_window_sigma05_t11p5_13_w010,s0.5_t66,0.5,0.5,12.16,12.169,10,0.7641254025239246,0.9941529127945444,1.3010337171239608,0.35140861155720227,0.35335565621194986,-0.8883169261572385,-0.890263970811986,-0.847237033097692,-0.8489303059841743,1.2630070712095358,1.2603418572168992,176.98893530243572,False,False,fail_parallel
bad_window_sigma05_t11p5_13_w010,s0.5_t67,0.5,0.5,12.17,12.179,10,0.7385593029882247,0.9597366897851686,1.2994713977632617,0.35097709804305716,0.35264312028885414,-0.9118891928180941,-0.9135552150638911,-0.8727059358776762,-0.8741355060341959,1.2619817666698763,1.2606865798086284,178.60032480042054,False,False,fail_parallel
bad_window_sigma05_t11p5_13_w010,s0.5_t68,0.5,0.5,12.18,12.189,10,0.7159108257120217,0.9280495724710319,1.2963200710759248,0.35053786688235233,0.3519421604106408,-0.9309471122462555,-0.9323514057745439,-0.8942151070234812,-0.8954011338323067,1.2609568627373684,1.2606692782499351,179.91793134226438,False,False,fail_parallel
bad_window_sigma05_t11p5_13_w010,s0.5_t69,0.5,0.5,12.19,12.199,10,0.6965895034629708,0.8993045278720432,1.2910107364542687,0.3500898588098065,0.35125267439471036,-0.9445110918011044,-0.9456739073860083,-0.9107950666137989,-0.9117585793639418,1.2599323592108953,1.25984348943109,179.31947572743306,False,False,fail_parallel
bad_window_sigma05_t11p5_13_w010,s0.5_t7,0.5,0.5,11.57,11.579,10,0.8080669667249181,0.9454082334033965,1.1699627287514553,0.4122538680634897,0.4180527697476892,-0.774149630090027,-0.7799485317742265,-0.7724582214065008,-0.7782571230907003,1.32422006505908,1.168271320067929,151.9129757275822,False,False,fail_parallel
bad_window_sigma05_t11p5_13_w010,s0.5_t70,0.5,0.5,12.2,12.209,10,0.6809721756403594,0.8736890248234447,1.2830025309064383,0.34963210951199336,0.3505745580033775,-0.9516624647780723,-0.9526049132694565,-0.921512055691331,-0.9222748540875616,1.2589082558966778,1.2573683210861273,177.16576381946143,False,False,fail_parallel
bad_window_sigma05_t11p5_13_w010,s0.5_t71,0.5,0.5,12.21,12.219,10,0.6693780981270887,0.8513636617899425,1.2718725996145483,0.34916375241491576,0.349907704992813,-0.9516582539023755,-0.9524022064802726,-0.9255769825227825,-0.9261615348411665,1.2578845526083273,1.2526923534244492,174.7923425300934,False,False,fail_parallel
bad_window_sigma05_t11p5_13_w010,s0.5_t72,0.5,0.5,12.22,12.229,10,0.6620434758972041,0.8324610279077347,1.2574114211752936,0.34868402104254076,0.3492520071608242,-0.9440519663206302,-0.9446199524389136,-0.9255944801172784,-0.9261624662355619,1.2568612491668432,1.2453603697446889,172.2430460921769,False,False,fail_parallel
bad_window_sigma05_t11p5_13_w010,s0.5_t73,0.5,0.5,12.23,12.239,10,0.6590995768023047,0.8170848052498809,1.2396985736420272,0.3481922509481651,0.348607354393536,-0.9287912477878876,-0.9292063512332585,-0.9217479311860267,-0.9221630346313976,1.255838345400657,1.2351060189859093,169.57456781328025,False,False,fail_parallel
bad_window_sigma05_t11p5_13_w010,s0.5_t74,0.5,0.5,12.24,12.249,10,0.6590409404849484,0.805309118218759,1.221940958062758,0.347687881221195,0.3479736347109575,-0.9105878987990046,-0.910873652288767,-0.9105671228923852,-0.9108528763821477,1.2548158411456085,1.221927461477271,166.8531403886809,False,False,fail_parallel
bad_window_sigma05_t11p5_13_w010,s0.5_t75,0.5,0.5,12.25,12.259,10,0.6609437332435754,0.797178133841191,1.2061210262620186,0.3471704555727202,0.34735073431152236,-0.8923477485911634,-0.8925280273299656,-0.8923477485911634,-0.8925280273299656,1.2537937362449774,1.2061210262620186,164.1494153183904,False,False,fail_parallel
bad_window_sigma05_t11p5_13_w010,s0.5_t76,0.5,0.5,12.26,12.269,10,0.6671158475425663,0.792705914594334,1.1882582575641096,0.34663962300373286,0.3467385376156151,-0.8677820330252762,-0.8678809476371585,-0.8677820330252762,-0.8678809476371585,1.2527720305494505,1.1882582575641096,161.53244469197148,False,False,fail_parallel
bad_window_sigma05_t11p5_13_w010,s0.5_t77,0.5,0.5,12.27,12.279,10,0.6773326259156572,0.7942076183482126,1.1725518422718189,0.3460951380603924,0.346136927308183,-0.841314354416554,-0.8413561436643446,-0.8378727734034974,-0.837914562651288,1.2517507239171148,1.1691102612587623,159.0639921651016,False,False,fail_parallel
bad_window_sigma05_t11p5_13_w010,s0.5_t78,0.5,0.5,12.28,12.289,10,0.6912711544686837,0.800149996217531,1.157505258312901,0.34553686068108275,0.34554578438049544,-0.8117709645253002,-0.8117798882247128,-0.8038064788969996,-0.8038154025964123,1.2507298162134308,1.1495407726846005,156.79427925535688,False,False,fail_parallel
bad_window_sigma05_t11p5_13_w010,s0.5_t79,0.5,0.5,12.29,12.299,10,0.7085430021907965,0.809523675123387,1.1425187640275338,0.34496475564034557,0.34496498817112864,-0.7789405174770829,-0.778940750007866,-0.7668187005404643,-0.7668189330712474,1.2497093073111922,1.1303969470909152,154.75977526107988,False,False,fail_parallel
bad_window_sigma05_t11p5_13_w010,s0.5_t8,0.5,0.5,11.58,11.589,10,0.8261887491136776,0.951039041523689,1.1511159435951517,0.41035414643408924,0.41657780058400173,-0.7352813409155634,-0.7415049950654758,-0.7289131471761277,-0.7351368013260401,1.3231705320462828,1.144747749855716,149.9004217358769,False,False,fail_parallel
bad_window_sigma05_t11p5_13_w010,s0.5_t80,0.5,0.5,12.3,12.309,10,0.7287207034803639,0.8222013315036962,1.1282804613302047,0.34437889159509455,0.3443944164062849,-0.7439386494449354,-0.7439541742561256,-0.7280803938631155,-0.7280959186743058,1.2486891970904888,1.1124222057483848,152.98302363422366,False,False,fail_parallel
bad_window_sigma05_t11p5_13_w010,s0.5_t81,0.5,0.5,12.31,12.319,10,0.7513616177998261,0.8380296438562735,1.1153479549703815,0.3437794397387706,0.3438339452395401,-0.707765776909326,-0.7078202824100954,-0.6886211828277022,-0.6886756883284717,1.2476694854386539,1.0962033608887578,151.47403212955484,False,False,fail_parallel
bad_window_sigma05_t11p5_13_w010,s0.5_t82,0.5,0.5,12.32,12.329,10,0.7760270264486687,0.8568307630358103,1.1041249000784465,0.34316667206937934,0.34328344929111804,-0.6712645456991572,-0.6713813229208958,-0.6492915413738359,-0.6494083185955746,1.2466501722501968,1.0821518957531253,150.2325636690648,False,False,fail_parallel
bad_window_sigma05_t11p5_13_w010,s0.5_t83,0.5,0.5,12.33,12.339,10,0.802295805839899,0.8784039760313,1.0948629790127418,0.3425409592776798,0.34274280168682153,-0.6351081324505226,-0.6353099748596642,-0.6107565958252978,-0.6109584382344395,1.2456312574267483,1.070511442387517,149.25071551700836,False,False,fail_parallel
bad_window_sigma05_t11p5_13_w010,s0.5_t84,0.5,0.5,12.34,12.349,10,0.8297730743817164,0.9025275477802975,1.0876799641309067,0.3419027682621061,0.3422118740967231,-0.5998096580112964,-0.6001187638459133,-0.5735107201922649,-0.5738198260268819,1.2446127408769692,1.0613810263118753,148.5153526106709,False,False,fail_parallel
bad_window_sigma05_t11p5_13_w010,s0.5_t85,0.5,0.5,12.35,12.359,10,0.8580947593186591,0.9289607241778562,1.0825852437503125,0.3412526592774197,0.34169053677373895,-0.5657431437090732,-0.5661810212053924,-0.5379027859700589,-0.5383406634663781,1.2435946225164811,1.0547448860112982,148.01015932711186,False,False,fail_parallel
bad_window_sigma05_t11p5_13_w010,s0.5_t86,0.5,0.5,12.36,12.369,10,0.8869291750391535,0.957445878192253,1.0795065774558454,0.3405912827245682,0.34117865859221347,-0.5331686851412601,-0.5337560610089054,-0.504164573738972,-0.5047519496066173,1.2425769022677662,1.0505024660535573,147.71723110828793,False,False,fail_parallel
bad_window_sigma05_t11p5_13_w010,s0.5_t87,0.5,0.5,12.37,12.379,10,0.9159766072207088,0.9877107799175163,1.0783144155989595,0.33991937558976765,0.3406761070866301,-0.5022571839680183,-0.5030139154648807,-0.47243776031996315,-0.4731944918168256,1.2415595800600772,1.0484949919509043,147.68003221628544,False,False,fail_parallel
bad_window_sigma05_t11p5_13_w010,s0.5_t88,0.5,0.5,12.38,12.389,10,0.9449676960124362,1.0194709704818072,1.078842139031587,0.339237757541509,0.34018274849057856,-0.4731122005606597,-0.4740571915097293,-0.4427972245067203,-0.4437422154557899,1.2405426558293293,1.050122393522164,147.90056884931775,False,False,fail_parallel
bad_window_sigma05_t11p5_13_w010,s0.5_t89,0.5,0.5,12.39,12.399000000000001,10,0.9736611947798874,1.0524322189977144,1.0809018831603272,0.3385473266949431,0.3396984477760991,-0.44578801507538285,-0.44693913615653885,-0.4152699607303035,-0.4164210818114595,1.2395261295179991,1.0534306475886555,148.2653449991989,False,False,fail_parallel
bad_window_sigma05_t11p5_13_w010,s0.5_t9,0.5,0.5,11.59,11.599,10,0.8477784593251968,0.9609061893719987,1.1334402033956463,0.4084670012353703,0.4151152113851289,-0.6941287453058198,-0.7007769554555785,-0.6834311289252932,-0.6900793390750519,1.3221214230871878,1.1227425870151198,148.12452322510876,False,False,fail_parallel
bad_window_sigma05_t11p5_13_w010,s0.5_t90,0.5,0.5,12.4,12.409,10,1.0018414926923283,1.0862930411909966,1.084296317446101,0.33784905505399865,0.3392230686935194,-0.4203038798077715,-0.4216778934472923,-0.3898497636782835,-0.3912237773178043,1.238510001075009,1.0581407029192362,148.75940200193082,False,False,fail_parallel
bad_window_sigma05_t11p5_13_w010,s0.5_t91,0.5,0.5,12.41,12.419,10,1.0293161440466443,1.1207472579811926,1.0888270474172268,0.3371439836426099,0.33875647381191265,-0.3966548870131924,-0.39826737718249516,-0.3665082510612342,-0.36812074123053695,1.2374942704556056,1.0640364812884213,149.36904072202432,False,False,fail_parallel
bad_window_sigma05_t11p5_13_w010,s0.5_t92,0.5,0.5,12.42,12.429,10,1.0559135435119948,1.155486572112955,1.0943003612490638,0.33643321733756903,0.3382985245602741,-0.374820035074638,-0.3766853422973431,-0.3452029126465912,-0.34706821986929626,1.2364789376212464,1.0709118982467292,150.08179082241477,False,False,fail_parallel
bad_window_sigma05_t11p5_13_w010,s0.5_t93,0.5,0.5,12.43,12.439,10,1.0814808169555674,1.1902031409511364,1.1005309777954535,0.33571791941681595,0.33784908126954044,-0.35476808025670203,-0.35689924210942653,-0.32588284604206896,-0.32801400789479346,1.2354640025394703,1.078573119610615,150.88634085454166,False,False,fail_parallel
bad_window_sigma05_t11p5_13_w010,s0.5_t94,0.5,0.5,12.44,12.449,10,1.1058819534621096,1.2245921237543649,1.1073443416999593,0.3349993058383798,0.337408003215546,-0.3364616940762295,-0.3388703914533957,-0.308492747918818,-0.3109014452959842,1.23444946518378,1.0868397337493358,151.77244736821424,False,False,fail_parallel
bad_window_sigma05_t11p5_13_w010,s0.5_t95,0.5,0.5,12.45,12.459,10,1.1289961779049358,1.2583541821272495,1.1145778938440356,0.3342786392667221,0.3369751486630038,-0.3198603552058219,-0.32255686460210364,-0.2929756205075149,-0.29567212990379665,1.233435325533506,1.0955451923204544,152.730835024455,False,False,fail_parallel
bad_window_sigma05_t11p5_13_w010,s0.5_t96,0.5,0.5,12.46,12.469,10,1.1507165489953115,1.2911979129172013,1.1220816403870648,0.3335572228649017,0.33655037491061357,-0.304922314256655,-0.3079154663023669,-0.2792745503941744,-0.2822677024398863,1.2324215835736831,1.1045367753935713,153.75309529522715,False,False,fail_parallel
bad_window_sigma05_t11p5_13_w010,s0.5_t97,0.5,0.5,12.47,12.479,10,1.1709487608256754,1.322842193560267,1.1297182573791584,0.33283639387272473,0.3361335383373586,-0.2916058904262077,-0.2949030348908416,-0.26733382914603004,-0.2706309736106639,1.2314082392949248,1.1136752623167507,154.831588306658,False,False,fail_parallel
bad_window_sigma05_t11p5_13_w010,s0.5_t98,0.5,0.5,12.48,12.489,10,1.1896101235850458,1.353018420785853,1.13736290063534,0.33211751699290126,0.3357244944500738,-0.2798702940431955,-0.28347727150036806,-0.25709961511250634,-0.2607065925696789,1.23039529269329,1.1228344340646692,155.95935035082732,False,False,fail_parallel
bad_window_sigma05_t11p5_13_w010,s0.5_t99,0.5,0.5,12.49,12.499,10,1.2066286994227344,1.3814726246512852,1.1449028398812313,0.33140197760915063,0.33532309793233095,-0.2696761180676475,-0.27359723839082783,-0.2485202815226895,-0.25244140184586983,1.2293827437701643,1.1319004923522307,157.13000826173302,False,False,fail_parallel
