subbox_id,sigma_box,t_box,cutoff,sample_count,odd_trunc_sup_sampled,odd_trunc_guarded,odd_trunc_target,odd_trunc_slack_sampled,odd_trunc_slack_guarded,odd_trunc_sup_over_target,h_qratio_sup_sampled,h_qratio_target,max_q_abs_sampled,max_sigma,max_t,max_raw_core_sum,max_continued_odd_target,max_odd_trunc_vector,channel_mode,status_sampled,status_guarded
S00_T00,"[0.84, 0.8425]","[32.8125, 32.8203125]",50,49,0.0306465288369729407129069,0.0337111817206702347841976,0.0388888888888888888888889,0.00824236005191594817598199,0.0051777071682186541046913,0.788053598665018475474749,0.00663558945988876530297867,0.01,0.279321784518054991652748,0.84,32.8125,(0.553243971814843503013266 -0.0477769174993244240476671j),(0.540324554225087956241413 -0.0199866605934063176436056j),(0.0129194175897555467718532 -0.0277902569059181064040615j),zeta_diagnostic,pass,pass
S00_T01,"[0.84, 0.8425]","[32.8203125, 32.828125]",50,49,0.030640312011547902522355,0.0337043432127026927745905,0.0388888888888888888888889,0.00824857687734098636653389,0.00518454567618619611429839,0.7878937374398032077177,0.0066342433922318441109461,0.01,0.279321784518054991652748,0.84,32.8203125,(0.549443866782885648018488 -0.0410515927463994409342574j),(0.537382130438907841451132 -0.0128852433817165628670453j),(0.0120617363439778065673559 -0.0281663493646828780672121j),zeta_diagnostic,pass,pass
S00_T02,"[0.84, 0.8425]","[32.828125, 32.8359375]",50,49,0.0306340984549318128516026,0.0336975083004249941367629,0.0388888888888888888888889,0.00825479043395707603728629,0.00519138058846389475212603,0.787733960269675187612638,0.00663289803233776028860567,0.01,0.279321784518054991652748,0.84,32.828125,(0.54574800274457845945177 -0.0342293960658901035973566j),(0.534554862615260969206203 -0.00571340752977377065262395j),(0.0111931401293174902455668 -0.0285159885361163329447326j),zeta_diagnostic,pass,pass
S00_T03,"[0.84, 0.8425]","[32.8359375, 32.84375]",50,49,0.0306278881648332447833121,0.0336906769813165692616433,0.0388888888888888888888889,0.00826100072405564410557679,0.00519821190757231962724558,0.78757426709571200871374,0.00663155337971037385280705,0.01,0.279321784518054991652748,0.84,32.8359375,(0.542158557088815134597067 -0.0273119469983058557915552j),(0.531844112766360556346607 0.00152691171275476175386917j),(0.01031444432245457825046 -0.0288388587110606175454243j),zeta_diagnostic,pass,pass
S00_T04,"[0.84, 0.8425]","[32.84375, 32.8515625]",50,49,0.0306216811389629659756146,0.0336838492528592625731761,0.0388888888888888888888889,0.00826720774992592291327429,0.00520503963602962631571283,0.787414657859047696515804,0.00663020943385401999009786,0.01,0.279321784518054991652748,0.84,32.84375,(0.538677682953044339311793 -0.0203009149500205626252799j),(0.529251209555440225765121 0.00883375434723733861643979j),(0.0094264733976041135466721 -0.0291346692972579012417197j),zeta_diagnostic,pass,pass
S00_T05,"[0.84, 0.8425]","[32.8515625, 32.859375]",50,49,0.0306154773750339360566085,0.0336770251125373296622693,0.0388888888888888888888889,0.00827341151385495283228039,0.00521186377635155922661954,0.787255132500872641455647,0.00662886619427350849258017,0.01,0.279321784518054991652748,0.84,32.8515625,(0.535307508006889960319754 -0.0131980188699026075818159j),(0.526777447853600427530998 0.0162051362105046135767379j),(0.00853006015328953278875632 -0.0294031550804072211585537j),zeta_diagnostic,pass,pass
S00_T06,"[0.84, 0.8425]","[32.859375, 32.8671875]",50,49,0.0306092768707613040225756,0.0336702045578374344248332,0.0388888888888888888888889,0.00827961201812758486631329,0.00521868433105145446405573,0.787095690962433532009087,0.00662752366047412319457202,0.01,0.279321784518054991652748,0.84,32.859375,(0.532050133238666416862849 -0.00600502689418562407889441j),(0.524424088307006026480197 0.0236390495672462584155723j),(0.00762604493166039038265136 -0.0296440764614318824944667j),zeta_diagnostic,pass,pass
S00_T07,"[0.84, 0.8425]","[32.8671875, 32.875]",50,49,0.0306030796238624056399093,0.0336633875862486462039002,0.0388888888888888888888889,0.00828580926502648324897959,0.00522550130264024268498866,0.786936333185033287883382,0.00662618183196162141007268,0.01,0.279321784518054991652748,0.84,32.8671875,(0.528907631745666048142892 0.00127624404044746409960614j),(0.522192356914580093694556 0.0311334637101931027750202j),(0.00671527483108595444833547 -0.029857219669745638675414j),zeta_diagnostic,pass,pass
S01_T00,"[0.8425, 0.845]","[32.8125, 32.8203125]",50,49,0.0303482689379461960976835,0.0333830958317408157074518,0.0388888888888888888888889,0.00854061995094269279120539,0.00550579305714807318143704,0.780384058404330756797576,0.00654388497730693379797145,0.01,0.278838175885502278107811,0.8425,32.8125,(0.555375191338368559628513 -0.0465494678008430836812409j),(0.542579721982903674699092 -0.019030503585174119308621j),(0.0127954693554648849294217 -0.0275189642156689643726199j),zeta_diagnostic,pass,pass
S01_T01,"[0.8425, 0.845]","[32.8203125, 32.828125]",50,49,0.0303421126089780907676926,0.0333763238698758998444619,0.0388888888888888888888889,0.00854677627991079812119629,0.00551256501901298904442703,0.78022575280229376259781,0.00654255751086289646889289,0.01,0.278838175885502278107811,0.8425,32.8203125,(0.551606226714195220955933 -0.0398570690631220089760957j),(0.539660067833838590539665 -0.0119656172260235381985988j),(0.011946158880356630416268 -0.0278914518370984707774969j),zeta_diagnostic,pass,pass
S01_T02,"[0.8425, 0.845]","[32.828125, 32.8359375]",50,49,0.0303359595170121330298857,0.0333695554687133463328743,0.0388888888888888888888889,0.00855292937187675585900319,0.00551933342017554255601462,0.780067530437454849339918,0.00654123074240165903035379,0.01,0.278838175885502278107811,0.8425,32.828125,(0.547940994018993749931289 -0.0330684963510148509561314j),(0.536854956070115571605044 -0.00483075206408867445342045j),(0.0110860379488781783262449 -0.028237744286926176502711j),zeta_diagnostic,pass,pass
S01_T03,"[0.8425, 0.845]","[32.8359375, 32.84375]",50,49,0.0303298096597791887064199,0.0333627906257571075770619,0.0388888888888888888888889,0.00855907922910970018246899,0.005526098263131781311827,0.779909391251464852450797,0.00653990467143393647277945,0.01,0.278838175885502278107811,0.8425,32.8359375,(0.544381654698438741134493 -0.0261853616543527025068985j),(0.534165740714803206207662 0.00237216722118894373495996j),(0.0102159139836355349268318 -0.0285575288755416462418585j),zeta_diagnostic,pass,pass
S01_T04,"[0.8425, 0.845]","[32.84375, 32.8515625]",50,49,0.0303236630350122968482215,0.0333560293385135265330436,0.0388888888888888888888889,0.00856522585387659204066739,0.00553285955037536235584524,0.779751335186030490382839,0.00653857929747091239187613,0.01,0.278838175885502278107811,0.8425,32.84375,(0.540930346045058162599844 -0.0192093264408381007071879j),(0.531593742627190985981726 0.00964119134443643217711264j),(0.00933660341786717661811828 -0.0288505177852745328843006j),zeta_diagnostic,pass,pass
S01_T05,"[0.8425, 0.845]","[32.8515625, 32.859375]",50,49,0.0303175196404466671548213,0.0333492716044913338703034,0.0388888888888888888888889,0.00857136924844222173406759,0.00553961728439755501858546,0.779593362182914298266833,0.00653725462002423843227985,0.01,0.278838175885502278107811,0.8425,32.8515625,(0.537589179991964490162801 -0.0121421013334644656206468j),(0.529140249062207746412607 0.0169743469954967652868479j),(0.00844893092975674375019385 -0.0291164483289612309074948j),zeta_diagnostic,pass,pass
S01_T06,"[0.8425, 0.845]","[32.859375, 32.8671875]",50,49,0.0303113794738196773978733,0.0333425174212016451376606,0.0388888888888888888888889,0.00857750941506921149101559,0.00554637146768724375122826,0.779435472183934561659599,0.00653593063860603373199915,0.01,0.278838175885502278107811,0.8425,32.859375,(0.534360241909493982415348 -0.00498544575645487376367786j),(0.526806513240132850009465 0.0243696374284991174215978j),(0.00755372866936113240588318 -0.0293550831849539911852756j),zeta_diagnostic,pass,pass
S01_T07,"[0.8425, 0.845]","[32.8671875, 32.875]",50,49,0.0303052425328708708483487,0.0333357667861579579331836,0.0388888888888888888888889,0.00858364635601801804054019,0.00555312210273093095570532,0.779277665130965250386109,0.00653460735272888436765042,0.01,0.278838175885502278107811,0.8425,32.8671875,(0.531245589405622620680429 0.00225883245030618969960767j),(0.524593753926744286551435 0.0318250430586689245367701j),(0.00665183547887833412899394 -0.0295662106083627348371624j),zeta_diagnostic,pass,pass
S02_T00,"[0.845, 0.8475]","[32.8125, 32.8203125]",50,49,0.0300529115791814573179513,0.0330582027370996030497464,0.0388888888888888888888889,0.00883597730970743157093759,0.00583068615178928583914246,0.772789154893237473890176,0.00645345820601527950933835,0.01,0.278355404557171585913974,0.845,32.8125,(0.55749601218948709779207 -0.0453320267594183343877273j),(0.544823302298824070146683 -0.0180817071573808128057444j),(0.0126727098906630276453871 -0.0272503196020375215819829j),zeta_diagnostic,pass,pass
S02_T01,"[0.845, 0.8475]","[32.8203125, 32.828125]",50,49,0.0300468151580969065597456,0.0330514966739065972157202,0.0388888888888888888888889,0.00884207373079198232914329,0.00583739221498229167316873,0.772632389779634740107744,0.00645214908165400887883877,0.01,0.278355404557171585913974,0.845,32.8203125,(0.553757964280131129279662 -0.0386723940630465443644505j),(0.541926275780760974354258 -0.0110531571366085866833508j),(0.0118316884993701549254048 -0.0276192369264379576810997j),zeta_diagnostic,pass,pass
S02_T02,"[0.845, 0.8475]","[32.828125, 32.8359375]",50,49,0.0300407219425170808650423,0.0330447941367687889515465,0.0388888888888888888888889,0.00884816694637180802384659,0.00584409475212009993734236,0.772475707093296365101088,0.00645084064563172723042594,0.01,0.278355404557171585913974,0.845,32.828125,(0.550123141584630422664694 -0.0319172802488440587241992j),(0.539143181420759337507604 -0.00395506557211590674089773j),(0.0109799601638710851570895 -0.0279622146767281519833015j),zeta_diagnostic,pass,pass
S02_T03,"[0.845, 0.8475]","[32.8359375, 32.84375]",50,49,0.0300346319301949220486416,0.0330380951232144142535058,0.0388888888888888888888889,0.00885425695869396684024729,0.00585079376567447463538313,0.772319106776440852679355,0.00644953289746590906747816,0.01,0.278355404557171585913974,0.845,32.8359375,(0.546593689729180204782269 -0.0250682897857767730088171j),(0.536475365298898970654144 0.00321065336820015010257236j),(0.0101183244302812341281252 -0.0282789431539769231113895j),zeta_diagnostic,pass,pass
S02_T04,"[0.845, 0.8475]","[32.84375, 32.8515625]",50,49,0.0300285451188855240148622,0.0330313996307740764163484,0.0388888888888888888888889,0.00886034377000336487402669,0.00585748925811481247254047,0.772162588771342046096457,0.00644822583667449102562764,0.01,0.278355404557171585913974,0.845,32.84375,(0.54317173028491781722053 -0.0181270762359076644053868j),(0.533924140515642172545122 0.0104420610527143365876324j),(0.00924758976927564467540835 -0.0285691372886220009930191j),zeta_diagnostic,pass,pass
S02_T05,"[0.845, 0.8475]","[32.8515625, 32.859375]",50,49,0.0300224615063461302024696,0.0330247076569807432227166,0.0388888888888888888888889,0.00886642738254275868641929,0.00586418123190814566617233,0.772006153020329062349218,0.00644691946277587132409323,0.01,0.278355404557171585913974,0.845,32.8515625,(0.539859359571676634445741 -0.0110953419326108110543313j),(0.531490786753809095260434 0.0177371949639594195417551j),(0.0083685728178675391853067 -0.0288325368965702305960864j),zeta_diagnostic,pass,pass
S02_T06,"[0.845, 0.8475]","[32.859375, 32.8671875]",50,49,0.0300163810903361310332507,0.0330180191993697441365758,0.0388888888888888888888889,0.00887250779855275785563819,0.00587086968951914475231312,0.771849799465786226569304,0.00644561377528890921779604,0.01,0.278355404557171585913974,0.845,32.859375,(0.536658647464660358301959 -0.00397483762758090749012663j),(0.529176549850787759024666 0.0250940692843889751584026j),(0.00748209761387259927729342 -0.0290689069119698826485292j),zeta_diagnostic,pass,pass
S02_T07,"[0.845, 0.8475]","[32.8671875, 32.875]",50,49,0.0300103038686170613642276,0.0330113342554787675006504,0.0388888888888888888888889,0.00887858502027182752466129,0.00587755463341012138823853,0.77169352805015300650871,0.00644430877373292445025684,0.01,0.278355404557171585913974,0.845,32.8671875,(0.533571636204898295942206 0.00323263789338712324565811j),(0.526982641381122032848211 0.0325106754898344263114596j),(0.00658899482377626309399482 -0.0292780375964473030658015j),zeta_diagnostic,pass,pass
S03_T00,"[0.8475, 0.85]","[32.8125, 32.8203125]",50,49,0.0297604285163375768915733,0.0327364713679713345807306,0.0388888888888888888888889,0.00912846037255131199731559,0.00615241752091755430815826,0.765268161848680548640456,0.00636429117056850154566871,0.01,0.277873469083381678997845,0.8475,32.8125,(0.559606484627627116230923 -0.0441245226922292293889859j),(0.54705535682985296106148 -0.0171402254718089852479341j),(0.0125511277977741551694427 -0.0269842972204202441410518j),zeta_diagnostic,pass,pass
S03_T01,"[0.8475, 0.85]","[32.8203125, 32.828125]",50,49,0.0297543914202882704185254,0.0327298305623170974603779,0.0388888888888888888888889,0.00913449746860061847036349,0.00615905832657179142851095,0.765112922235984096476367,0.00636300013280466750877838,0.01,0.277873469083381678997845,0.8475,32.8203125,(0.555899131369149916020324 -0.037497496794036906568941j),(0.544180816768656442848375 -0.0101478183367755537790469j),(0.0117183146004934731719487 -0.0273496784572613527898941j),zeta_diagnostic,pass,pass
S03_T02,"[0.8475, 0.85]","[32.828125, 32.8359375]",50,49,0.0297483574985526367299891,0.032723193248407900402988,0.0388888888888888888888889,0.00914053139033625215889979,0.00616569564048098848590088,0.764957764248496373056863,0.00636170977387032240975428,0.01,0.277873469083381678997845,0.8475,32.828125,(0.55229449894995381463532 -0.0307756775773830687743756j),(0.541419601969560360431458 -0.00308630435357169587571137j),(0.010874896980393454203862 -0.0276893732238113728986642j),zeta_diagnostic,pass,pass
S03_T03,"[0.8475, 0.85]","[32.8359375, 32.84375]",50,49,0.0297423267489054789926285,0.0327165594237960268918913,0.0388888888888888888888889,0.00914656213998340989626039,0.00617232946509286199699754,0.764802687828998031239019,0.0063604200932896061462662,0.01,0.277873469083381678997845,0.8475,32.8359375,(0.548794717299469558597797 -0.0239606620201283733099683j),(0.538773050615543902251207 0.00404241276309771617147965j),(0.0100216666839256563465895 -0.028003074783226089481448j),zeta_diagnostic,pass,pass
S03_T04,"[0.8475, 0.85]","[32.84375, 32.8515625]",50,49,0.0297362991691237315288126,0.0327099290860361046816939,0.0388888888888888888888889,0.00915258971976515736007629,0.00617895980285278420719503,0.76464769292032452502661,0.00635913109058711436531654,0.01,0.277873469083381678997845,0.8475,32.84375,(0.545401892389947527298415 -0.0170540958116466517415257j),(0.536242468093097275180479 0.0112364049761778365138638j),(0.00915942429685025211793591 -0.0282905007878244882553895j),zeta_diagnostic,pass,pass
S03_T05,"[0.8475, 0.85]","[32.8515625, 32.859375]",50,49,0.0297302747569864572863918,0.032703302232685103015031,0.0388888888888888888888889,0.00915861413190243160249709,0.00618558665620378587385791,0.764492779465366044507218,0.00635784276528789792215,0.01,0.277873469083381678997845,0.8475,32.8515625,(0.542118105050146642863444 -0.0100576730318386268043408j),(0.533829126556738990642 0.0184937205009073985121141j),(0.00828897849340765222144407 -0.0285513935327460253164548j),zeta_diagnostic,pass,pass
S03_T06,"[0.8475, 0.85]","[32.859375, 32.8671875]",50,49,0.0297242535102748453120842,0.0326966788613023298432926,0.0388888888888888888888889,0.00916463537861404357680469,0.00619221002758655904559627,0.764337947407067450882165,0.00635655511691746233993541,0.01,0.277873469083381678997845,0.8475,32.859375,(0.538945409781955551241505 -0.00297313579921477192312039j),(0.531534264503710034970108 0.0258123843872926390596407j),(0.00741114527824551627139703 -0.0287855201865074109827611j),zeta_diagnostic,pass,pass
S03_T07,"[0.8475, 0.85]","[32.8671875, 32.875]",50,49,0.0297182354267722082284681,0.0326900589694494290513149,0.0388888888888888888888889,0.00917065346211668066042079,0.00619882991943945983757398,0.76418319668842821158918,0.00635526814500176727021841,0.01,0.277873469083381678997845,0.8475,32.8671875,(0.535885833580798838172288 0.00419772611197714270776355j),(0.529359086358987388018131 0.033190399110230257389836j),(0.00652674722181145015415739 -0.0289926729982531146820725j),zeta_diagnostic,pass,pass
S04_T00,"[0.85, 0.8525]","[32.8125, 32.8203125]",50,49,0.0294707917798972841263276,0.0324178709578870125389604,0.0388888888888888888888889,0.00941809710899160476256129,0.00647101793100187634992853,0.757820360054501591819853,0.00627636615134786302977016,0.01,0.277392368016961252122345,0.85,32.8125,(0.561706658685123406874457 -0.0429268844370620362646484j),(0.549275946896660775652116 -0.0162060129586420724180164j),(0.0124307117884626312223408 -0.026720871478419963846632j),zeta_diagnostic,pass,pass
S04_T01,"[0.85, 0.8525]","[32.8203125, 32.828125]",50,49,0.029464813431704303397367,0.0324112947748747337371037,0.0388888888888888888888889,0.00942407545718458549152189,0.00647759411401415515178519,0.75766663110096780164658,0.00627509294828906395302804,0.01,0.277392368016961252122345,0.85,32.8203125,(0.558029779630035413672172 -0.036332306821842767282704j),(0.546423752945369746358118 -0.00924955631234002979302257j),(0.0116060266846656673140539 -0.0270827505095027374896814j),zeta_diagnostic,pass,pass
S04_T02,"[0.85, 0.8525]","[32.828125, 32.8359375]",50,49,0.0294588382269373345124007,0.0324047220496310679636408,0.0388888888888888888888889,0.00943005066195155437648819,0.00648416683925782092524812,0.757512982978388601747447,0.00627382041468267617735804,0.01,0.277392368016961252122345,0.85,32.828125,(0.554455119371189725748936 -0.0296436186694756870651601j),(0.543684280673050943041672 -0.00222442496470857458309168j),(0.0107708386981387827072632 -0.0274191937047671124820684j),zeta_diagnostic,pass,pass
S04_T03,"[0.85, 0.8525]","[32.8359375, 32.84375]",50,49,0.0294528661633928294348007,0.0323981527797321123782808,0.0388888888888888888888889,0.00943602272549605945408819,0.00649073610915677651060812,0.757359415630101328323447,0.00627254855005941219894109,0.01,0.277392368016961252122345,0.85,32.8359375,(0.550984792262952097374764 -0.0228624094964221992442128j),(0.541058860411204959211355 0.00486748776471459489398306j),(0.00992593185174713816340931 -0.0277298972611367941381959j),zeta_diagnostic,pass,pass
S04_T04,"[0.85, 0.8525]","[32.84375, 32.8515625]",50,49,0.0294468972388693505532717,0.0323915869627562856085989,0.0388888888888888888888889,0.00944199165001953833561719,0.00649730192613260328029002,0.757205928999497585655558,0.00627127735395043396920924,0.01,0.277392368016961252122345,0.85,32.84375,(0.547620888800172193458946 -0.0159903171522355260342304j),(0.538548789876944710016041 0.0120242643745998537163613j),(0.00907209892322748344290412 -0.0280145815268353797505918j),zeta_diagnostic,pass,pass
S04_T05,"[0.85, 0.8525]","[32.8515625, 32.859375]",50,49,0.0294409314511675681762336,0.032385024596284324993857,0.0388888888888888888888889,0.00944795743772132071265529,0.00650386429260456389503193,0.757052523030023181674578,0.0062700068258873523612269,0.01,0.277392368016961252122345,0.85,32.8515625,(0.544365474441720497837664 -0.00902902749937911972638987j),(0.536155333740039723420486 0.0192439637532448659895018j),(0.00821014070168077441717815 -0.0282729912526239857158916j),zeta_diagnostic,pass,pass
S04_T06,"[0.85, 0.8525]","[32.859375, 32.8671875]",50,49,0.0294349687980902580297808,0.0323784656778992838327589,0.0388888888888888888888889,0.00945392009079863085910809,0.00651042321098960505613001,0.756899197665178063622935,0.00626873696540222663683351,0.01,0.277392368016961252122345,0.85,32.859375,(0.541220588436969051218656 -0.00198027406238537177564681j),(0.533879723200079877327488 0.0265246217577782076658279j),(0.00734086523688917389116783 -0.0285048958201635794414747j),zeta_diagnostic,pass,pass
S04_T07,"[0.85, 0.8525]","[32.8671875, 32.875]",50,49,0.0294290092774422987592105,0.0323719102051865286351315,0.0388888888888888888888889,0.00945987961144659012967839,0.00651697868370236025375734,0.75674595284851625380827,0.00626746777202756391454648,0.01,0.277392368016961252122345,0.85,32.8671875,(0.538188242656061012307198 0.00515416235366890609525042j),(0.531723155573900199148196 0.0338642518009670853929838j),(0.0064650870821608131590026 -0.0287100894472981792977334j),zeta_diagnostic,pass,pass
S05_T00,"[0.8525, 0.855]","[32.8125, 32.8203125]",50,49,0.0291839736724932718921153,0.0321023710397425990813268,0.0388888888888888888888889,0.00970491521639561699677359,0.00678651784914628980756206,0.750445037292684134368679,0.00618966568086961271085016,0.01,0.276912099913244585274266,0.8525,32.8125,(0.563796584168036156204357 -0.041739041348300306214817j),(0.551485133485449811485186 -0.0152790243149153001321465j),(0.0123114506825863447191718 -0.0264600170333850060826705j),zeta_diagnostic,pass,pass
S05_T01,"[0.8525, 0.855]","[32.8203125, 32.828125]",50,49,0.0291780535005919551934432,0.0320958588506511507127875,0.0388888888888888888888889,0.00971083538829693369544569,0.00679303003823773817610137,0.750292804300935990688539,0.00618841006416526492422193,0.01,0.276912099913244585274266,0.8525,32.8203125,(0.560149960472821042036005 -0.0351767542260923624822356j),(0.548655146119502034783202 -0.00835832681011329311578876j),(0.0114948143533190072528028 -0.0268184274159790693664469j),zeta_diagnostic,pass,pass
S05_T02,"[0.8525, 0.855]","[32.828125, 32.8359375]",50,49,0.0291721364415294307794548,0.0320893500856823738574003,0.0388888888888888888888889,0.00971675244735945810943409,0.00679953880320651503148861,0.750140651353613934328838,0.00618715510766681160919623,0.01,0.276912099913244585274266,0.8525,32.828125,(0.556605055853350701037709 -0.0285210343688024613443522j),(0.545937280143847948590865 -0.00136938421683283106601305j),(0.0106677757095027524468441 -0.0271516501519696302783392j),zeta_diagnostic,pass,pass
S05_T03,"[0.8525, 0.855]","[32.8359375, 32.84375]",50,49,0.0291662224931235889204433,0.0320828447424359478124876,0.0388888888888888888888889,0.00972266639576529996844559,0.00680604414645294107640126,0.749988578394606572239971,0.00618590081091144636876112,0.01,0.276912099913244585274266,0.8525,32.8359375,(0.55316396920961885081458 -0.0217734638611439973474979j),(0.543332858083867012480415 0.00568592048285590233283981j),(0.00983111112575183833416486 -0.0274593843439998996803377j),zeta_diagnostic,pass,pass
S05_T04,"[0.8525, 0.855]","[32.84375, 32.8515625]",50,49,0.0291603116531944097831279,0.0320763428185138507614407,0.0388888888888888888888889,0.00972857723569447910576099,0.0068125460703750381274482,0.749836585367856251566146,0.00618464717343680605466611,0.01,0.276912099913244585274266,0.8525,32.84375,(0.549828775679552181778761 -0.0149356727456357297903368j),(0.540843170031630876570738 0.0128056802648335042239296j),(0.00898560564792130520802278 -0.0277413530104692340142665j),zeta_diagnostic,pass,pass
S05_T05,"[0.8525, 0.855]","[32.8515625, 32.859375]",50,49,0.0291544039195639609494047,0.0320698443115203570443452,0.0388888888888888888888889,0.00973448496932492793948419,0.00681904457736853184454372,0.749684672217358995841835,0.00618339419478097024117097,0.01,0.276912099913244585274266,0.8525,32.8515625,(0.546601525472309061800449 -0.00800933870322976724022815j),(0.538469473215459850958593 0.01998796463114442219439j),(0.00813205225684921084185611 -0.0279973033343741894346181j),zeta_diagnostic,pass,pass
S05_T06,"[0.8525, 0.855]","[32.859375, 32.8671875]",50,49,0.0291484992900563949386392,0.0320633492190620344325031,0.0388888888888888888888889,0.00974038959883249395024969,0.00682553966982685445638577,0.749532838887164441279294,0.00618214187448246069954546,0.01,0.276912099913244585274266,0.8525,32.859375,(0.543484242704533297007272 -0.000996186703548536380979078j),(0.536212991579541707602792 0.0272308201859487399867595j),(0.00727125112499158940448043 -0.0282270068894972763677386j),zeta_diagnostic,pass,pass
S05_T07,"[0.8525, 0.855]","[32.8671875, 32.875]",50,49,0.0291425977624979467334921,0.0320568575387477414068413,0.0388888888888888888888889,0.00974629112639094215539679,0.00683203135014114748204758,0.74938108532137577314694,0.00618089021208024087331888,0.01,0.276912099913244585274266,0.8525,32.8671875,(0.540478924240400244680629 0.00610201137529187269512208j),(0.534074915373753588764443 0.0345322712190333882590358j),(0.00640400886664665591618616 -0.0284302598437415155639137j),zeta_diagnostic,pass,pass
S06_T00,"[0.855, 0.8575]","[32.8125, 32.8203125]",50,49,0.0288999467662602975658842,0.0317899414428863273224726,0.0388888888888888888888889,0.00998894212262859132300469,0.00709894744600256156641627,0.743141488275264794551308,0.00610417254014756354934999,0.01,0.2764326633300672055757,0.855,32.8125,(0.565876310656969122436433 -0.0405609232929479272681392j),(0.55368297724980904610633 -0.0143592145029756008358608j),(0.0121933334071600763301029 -0.0262017087899723264322785j),zeta_diagnostic,pass,pass
S06_T01,"[0.855, 0.8575]","[32.8203125, 32.828125]",50,49,0.0288940842046456411686797,0.0317834926251102052855477,0.0388888888888888888888889,0.00999480468424324772020919,0.00710539626377868360334122,0.742990736690887915766049,0.00610293426493852794729014,0.01,0.2764326633300672055757,0.855,32.8203125,(0.562259725069710778903239 -0.0340307695963183326198315j),(0.55087505776229334466765 -0.00747408583639504278952475j),(0.0113846673074174342355893 -0.0265566837599232898303068j),zeta_diagnostic,pass,pass
S06_T02,"[0.855, 0.8575]","[32.828125, 32.8359375]",50,49,0.0288882247255800775934202,0.0317770471981380853527622,0.0388888888888888888888889,0.0100006641633088112954687,0.00711184169075080353612667,0.742840064372059138116519,0.00610169664081759566409241,0.01,0.2764326633300672055757,0.855,32.828125,(0.55874436115126007766561 -0.0274078560259121253825674j),(0.548178662652562380478755 -0.000521139174830560553379661j),(0.0105656984986976971868548 -0.0268867168510815648291877j),zeta_diagnostic,pass,pass
S06_T03,"[0.855, 0.8575]","[32.8359375, 32.84375]",50,49,0.0288823683269027269728459,0.0317706051595929996701305,0.0388888888888888888888889,0.010006520561986161916043,0.0071182837292958892187584,0.742689471263212979301752,0.00610045966732835120339039,0.01,0.2764326633300672055757,0.855,32.8359375,(0.555332302466933909167937 -0.0206937572642904446949494j),(0.545595106684968924533254 0.00649775277973905454220694j),(0.00973719578196498463468279 -0.0271915100440294992371564j),zeta_diagnostic,pass,pass
S06_T04,"[0.855, 0.8575]","[32.84375, 32.8515625]",50,49,0.0288765150064547790067265,0.0317641665071002569073991,0.0388888888888888888888889,0.0100123738824341098821624,0.00712472238178863198148974,0.742538957308837174458681,0.00609922334401481619745098,0.01,0.2764326633300672055757,0.855,32.84375,(0.552025608917214049346377 -0.0138900955796408438492003j),(0.543125672370622133467131 0.0135806934222179416412525j),(0.00889993654659191587924611 -0.0274707890018587854904528j),zeta_diagnostic,pass,pass
S06_T05,"[0.855, 0.8575]","[32.8515625, 32.859375]",50,49,0.0288706647620794905047437,0.0317577312382874395552181,0.0388888888888888888888889,0.0100182241268093983841452,0.00713115765060144933367082,0.742388522453472612979124,0.00609798767042144888818827,0.01,0.2764326633300672055757,0.855,32.8515625,(0.548826315580722242468043 -0.00699854050721960924428892j),(0.540771609539441458542542 0.0207257628094181822661048j),(0.00805470604128078392550153 -0.0277243033166377915103937j),zeta_diagnostic,pass,pass
S06_T06,"[0.855, 0.8575]","[32.859375, 32.8671875]",50,49,0.0288648175916221829328798,0.0317512993507844012261678,0.0388888888888888888888889,0.0100240712972667059560091,0.00713758953810448766272111,0.742238166641713275416909,0.00609675264609314360891808,0.01,0.2764326633300672055757,0.855,32.859375,(0.545736431560161239076905 -0.0000208085006693052037276628j),(0.538534134922216096560045 0.027931018232778108853527j),(0.00720229663794514251685969 -0.0279518267334474140572547j),zeta_diagnostic,pass,pass
S06_T07,"[0.855, 0.8575]","[32.8671875, 32.875]",50,49,0.0288589734929302399633069,0.0317448708422232639596376,0.0388888888888888888888889,0.010029915395958648925582,0.0071440180466656249292513,0.742087889818206170485035,0.00609551827057523026685182,0.01,0.2764326633300672055757,0.855,32.8671875,(0.542757938832051459293026 0.00704133744681015818487282j),(0.536414431742809919474331 0.0351944947985956332236224j),(0.00634350708924153981869532 -0.0281531573517854750387496j),zeta_diagnostic,pass,pass
S07_T00,"[0.8575, 0.86]","[32.8125, 32.8203125]",50,49,0.0286186839002130450781246,0.0314805522902343495859371,0.0388888888888888888888889,0.0102702049886758438107643,0.00740833659865453930295183,0.73590901457690687343749,0.00601986975510901793917177,0.01,0.275954056827761556706276,0.8575,32.8125,(0.567945887507887351384986 -0.0393924606466848746723573j),(0.555869538512558557489998 -0.0134465387489504528744985j),(0.0120763489953287938949881 -0.0259459218977344217978588j),zeta_diagnostic,pass,pass
S07_T01,"[0.8575, 0.86]","[32.8203125, 32.828125]",50,49,0.0286128783883856352610702,0.0314741662272241987871772,0.0388888888888888888888889,0.0102760105005032536278187,0.00741472266166469010171167,0.735759729987059192427519,0.00601864857997795288424587,0.01,0.275954056827761556706276,0.8575,32.8203125,(0.564359124355998774614824 -0.0328942840280163624599496j),(0.553083549009494533981536 -0.00659678965547486890188146j),(0.0112755753465042406332881 -0.0262974943725414935580681j),zeta_diagnostic,pass,pass
S07_T02,"[0.8575, 0.86]","[32.828125, 32.8359375]",50,49,0.0286070759291122460092057,0.0314677835220234706101263,0.0388888888888888888888889,0.0102818129597766428796832,0.00742110536686541827876262,0.735610523891457754522432,0.00601742804694411662955921,0.01,0.275954056827761556706276,0.8575,32.828125,(0.56087308777057377601322 -0.0263040154942859197624071j),(0.55040849012969825068099 0.000320352844297733159733192j),(0.01046459764087552533223 -0.0266243683385836529221403j),zeta_diagnostic,pass,pass
S07_T03,"[0.8575, 0.86]","[32.8359375, 32.84375]",50,49,0.0286012765202530208986952,0.0314614041722783229885647,0.0388888888888888888888889,0.0102876123686358679901937,0.00742748471661056590032417,0.735461396235077680252162,0.00601620815555739564050474,0.01,0.275954056827761556706276,0.8575,32.8359375,(0.557489846100958588922818 -0.0196232223554419564765134j),(0.547845668921328761558452 0.00730302627142554521524449j),(0.00964417717962982736436613 -0.0269262486268675016917579j),zeta_diagnostic,pass,pass
S07_T04,"[0.8575, 0.86]","[32.84375, 32.8515625]",50,49,0.0285954801596701529409087,0.0314550281756371682349996,0.0388888888888888888888889,0.0102934087292187359479802,0.00743386071325172065388932,0.735312346962946789909081,0.00601498890536810747612932,0.01,0.275954056827761556706276,0.8575,32.84375,(0.554211444128677202354716 -0.0128535191379606995629088j),(0.545396360358355755459031 0.014349344381976034847574j),(0.00881508377032144689568492 -0.0272028635199367344104828j),zeta_diagnostic,pass,pass
S07_T05,"[0.8575, 0.86]","[32.8515625, 32.859375]",50,49,0.0285896868452278821492015,0.0314486555297506703641216,0.0388888888888888888888889,0.0102992020436610067396874,0.00744023335913821852476724,0.735163376020145540979467,0.0060137702959270002773117,0.01,0.275954056827761556706276,0.8575,32.8515625,(0.55103990191999818041138 -0.00599656726710749234393873j),(0.543061806915096253505946 0.0214573977288808855730978j),(0.00797809500490192690543366 -0.0274539649959883779170366j),zeta_diagnostic,pass,pass
S07_T06,"[0.8575, 0.86]","[32.859375, 32.8671875]",50,49,0.0285838965747924931091655,0.031442286232271742420082,0.0388888888888888888888889,0.0103049923140963957797234,0.00744660265661714646880684,0.735014483351806965664256,0.00601255232678525225567083,0.01,0.275954056827761556706276,0.8575,32.859375,(0.547977213681478012605378 0.000945925280662861188844764j),(0.540843218150700379052061 0.0286252542314390842631532j),(0.00713399553077763355331703 -0.0276793289507762230743084j),zeta_diagnostic,pass,pass
S07_T07,"[0.8575, 0.86]","[32.8671875, 32.875]",50,49,0.0285781093462323125523471,0.0314359202808555438075818,0.0388888888888888888888889,0.0103107795426565763365418,0.00745296860803334508130708,0.734865668903116608488925,0.00601133499749447118320343,0.01,0.275954056827761556706276,0.8575,32.8671875,(0.545025346619303110810598 0.007972204355187517357913j),(0.538741770303725304666482 0.0358509597522908876454818j),(0.00628357631557780614411613 -0.0278787553971033702875688j),zeta_diagnostic,pass,pass
