box_id,subbox_id,sigma_box,t_box,sample_count,anchor_max,tau_max,factor_max,cos_anchor_min,cos_anchor_max,Q_worst_min,Q_phase_min
wide_anchor_scan,"0,0","[0.75,0.816666666666666666666667]","[31.5,32.5]",15,0.103001770312904735615,0.0698866734457421379480417,1.51175191620044377996398,0.533052610472406079420584,0.999820164519810234767932,0.0628473726725764299881402,0.0628497626279397114448334
wide_anchor_scan,"0,1","[0.75,0.816666666666666666666667]","[32.5,33.5]",15,0.119191079747272913565398,0.0778962229228666500501733,1.53012656166007819292406,-0.522543736718003090786107,0.636128235897494979934265,0.0628473726725764299881402,0.065144100889958970675225
wide_anchor_scan,"0,2","[0.75,0.816666666666666666666667]","[33.5,34.5]",15,0.264837739882919543642329,0.0940307774468455729163121,2.81650058708308584101201,0.281918652444710905195507,0.992961313495466497220149,0.0628473726725764299881402,0.0721547169328911999664469
wide_anchor_scan,"1,0","[0.816666666666666666666667,0.883333333333333333333333]","[31.5,32.5]",15,0.0861465393776488494294661,0.0636783415447466770458551,1.38661898129247931664553,0.684476448569921399141498,0.999936760812214498882346,0.0575160443108030043519913,0.0575180262318068055826766
wide_anchor_scan,"1,1","[0.816666666666666666666667,0.883333333333333333333333]","[32.5,33.5]",15,0.0992443596940379665340023,0.0707226913609975847710382,1.40328878587855351962727,-0.0753704249770426162833729,0.855857709979388830042117,0.0575160443108030043519913,0.0594490153441369666719307
wide_anchor_scan,"1,2","[0.816666666666666666666667,0.883333333333333333333333]","[33.5,34.5]",15,0.220455540489945944482905,0.0846664372038050756535734,2.60381265316828803976019,0.384011664453788436293208,0.993440465483428413588354,0.0575160443108030043519913,0.0656569733563252003323736
wide_anchor_scan,"2,0","[0.883333333333333333333333,0.95]","[31.5,32.5]",15,0.072707239105112558555688,0.0579945540379838282455842,1.28404991788556661875584,0.808433019032883247343183,0.999992635259560788022243,0.0525690561313926370341102,0.0525707099946410332135449
wide_anchor_scan,"2,1","[0.883333333333333333333333,0.95]","[32.5,33.5]",15,0.0838733988366588524455487,0.0641815989410372598480731,1.30681379430437958745888,0.314224720667188160209311,0.983118061563565956349554,0.0525690561313926370341102,0.0542039705375531461259297
wide_anchor_scan,"2,2","[0.883333333333333333333333,0.95]","[33.5,34.5]",15,0.184360482009279490490228,0.0762203529300455138567441,2.41878284371740185216148,0.480998782629698381258128,0.993991704027406766302321,0.0525690561313926370341102,0.0596867928367907685002223
