source_box_id,sigma_min,sigma_max,t_min,t_max,mainNormLowerConst_raw,numeratorUpperConst_raw,restUpperCombinedConst_raw,restUpperSeparateConst_raw,mainNormLowerConst_rat,numeratorUpperConst_rat,parallelUpperConst_rat,restUpperCombinedConst_rat,restUpperSeparateConst_rat,budgetCombinedConst_rat,budgetSeparateConst_rat,certified_combined_rat,certified_separate_rat
s0.84_t0,0.84,0.84,32.82,32.824,0.055948109141748074,4.932331076515e-05,0.009564747009115212,0.009569664294255513,0.055948109141,0.000049323311,0.000881590313,0.009564747010,0.009569664295,0.045501771818,0.045496854533,True,True
s0.84_t1,0.84,0.84,32.825,32.829,0.055214852713050926,1.0863915647200477e-05,0.009538753596760539,0.009549648950340679,0.055214852713,0.000010863916,0.000196757131,0.009538753597,0.009549648951,0.045479341985,0.045468446631,True,True
s0.84_t2,0.84,0.84,32.83,32.834,0.054499061832326424,5e-324,0.009505915459649685,0.00952507510902585,0.054499061832,0.000000000001,0.000000000019,0.009505915460,0.009525075110,0.044993146353,0.044973986703,True,True
s0.84_t3,0.84,0.84,32.835,32.839,0.0538008644456791,5e-324,0.009466110068572418,0.009495764740580068,0.053800864445,0.000000000001,0.000000000019,0.009466110069,0.009495764741,0.044334754357,0.044305099685,True,True
s0.84_t4,0.84,0.84,32.84,32.844,0.05312316260364609,5e-324,0.009419938492320085,0.009462318711723858,0.053123162603,0.000000000001,0.000000000019,0.009419938493,0.009462318712,0.043703224091,0.043660843872,True,True
s0.84_t5,0.84,0.84,32.845,32.849000000000004,0.05246816463564666,5e-324,0.009367361902509768,0.009424753835108273,0.052468164635,0.000000000001,0.000000000020,0.009367361903,0.009424753836,0.043100802712,0.043043410779,True,True
s0.84_t6,0.84,0.84,32.85,32.854,0.05183631819642877,5e-324,0.009308037589825189,0.009382794528048096,0.051836318196,0.000000000001,0.000000000020,0.009308037590,0.009382794529,0.042528280586,0.042453523647,True,True
s0.84_t7,0.84,0.84,32.855,32.859,0.0512304176890232,5e-324,0.009242234468723666,0.009336474600565758,0.051230417689,0.000000000001,0.000000000020,0.009242234469,0.009336474601,0.041988183200,0.041893943068,True,True
s0.84_t8,0.84,0.84,32.86,32.86,0.06113582348876163,5e-324,0.0030933849308432274,0.003093695894607568,0.061135823488,0.000000000001,0.000000000017,0.003093384931,0.003093695895,0.058042438540,0.058042127576,True,True
s0.85_t0,0.85,0.85,32.82,32.824,0.05704694679504385,2.0642638337700725e-05,0.008796160233054105,0.008800485231309815,0.057046946795,0.000020642639,0.000361853529,0.008796160234,0.008800485232,0.047888933032,0.047884608034,True,True
s0.85_t1,0.85,0.85,32.825,32.829,0.05638195869136093,5e-324,0.008772472859277318,0.008782120870448452,0.056381958691,0.000000000001,0.000000000018,0.008772472860,0.008782120871,0.047609485813,0.047599837802,True,True
s0.85_t2,0.85,0.85,32.83,32.834,0.05573328134741497,5e-324,0.00874258984850405,0.008759612558412016,0.055733281347,0.000000000001,0.000000000018,0.008742589849,0.008759612559,0.046990691480,0.046973668770,True,True
s0.85_t3,0.85,0.85,32.835,32.839,0.055100999351390165,5e-324,0.008706393945091671,0.008732791899081138,0.055100999351,0.000000000001,0.000000000019,0.008706393946,0.008732791900,0.046394605386,0.046368207432,True,True
s0.85_t4,0.85,0.85,32.84,32.844,0.05448778898338487,5e-324,0.008664430069756033,0.008702202228564994,0.054487788983,0.000000000001,0.000000000019,0.008664430070,0.008702202229,0.045823358894,0.045785586735,True,True
s0.85_t5,0.85,0.85,32.845,32.849000000000004,0.053895668152116,5e-324,0.008616670567343726,0.008667865826937774,0.053895668152,0.000000000001,0.000000000019,0.008616670568,0.008667865827,0.045278997565,0.045227802306,True,True
s0.85_t6,0.85,0.85,32.85,32.854,0.05332500045738848,5e-324,0.00856279915656987,0.008629525856410388,0.053325000457,0.000000000001,0.000000000019,0.008562799157,0.008629525857,0.044762201281,0.044695474581,True,True
s0.85_t7,0.85,0.85,32.855,32.859,0.052778361356727595,5e-324,0.008503062359825297,0.008587214977348543,0.052778361356,0.000000000001,0.000000000019,0.008503062360,0.008587214978,0.044275298977,0.044191146359,True,True
s0.85_t8,0.85,0.85,32.86,32.86,0.062118558673478694,5e-324,0.0027966931037023803,0.0027970529061772348,0.062118558673,0.000000000001,0.000000000017,0.002796693104,0.002797052907,0.059321865552,0.059321505749,True,True
s0.86_t0,0.86,0.86,32.82,32.824,0.058036827312603616,5e-324,0.00809563960177108,0.008099437955328729,0.058036827312,0.000000000001,0.000000000018,0.008095639602,0.008099437956,0.049941187692,0.049937389338,True,True
s0.86_t1,0.86,0.86,32.825,32.829,0.05743412080612687,5e-324,0.008074042444841159,0.008082575591103132,0.057434120806,0.000000000001,0.000000000018,0.008074042445,0.008082575592,0.049360078343,0.049351545196,True,True
s0.86_t2,0.86,0.86,32.83,32.834,0.05684665755236646,5e-324,0.008046835843657056,0.008061943483673539,0.056846657552,0.000000000001,0.000000000018,0.008046835844,0.008061943484,0.048799821690,0.048784714050,True,True
s0.86_t3,0.86,0.86,32.835,32.839,0.056274495617604364,5e-324,0.008013902775934998,0.008037377042638546,0.056274495617,0.000000000001,0.000000000018,0.008013902776,0.008037377043,0.048260592823,0.048237118556,True,True
s0.86_t4,0.86,0.86,32.84,32.844,0.05572009248487939,5e-324,0.007975747025996766,0.008009378121316888,0.055720092484,0.000000000001,0.000000000018,0.007975747026,0.008009378122,0.047744345440,0.047710714344,True,True
s0.86_t5,0.86,0.86,32.845,32.849000000000004,0.0551852935119466,5e-324,0.007932346975734833,0.007977969552762204,0.055185293511,0.000000000001,0.000000000019,0.007932346976,0.007977969553,0.047252946516,0.047207323939,True,True
s0.86_t6,0.86,0.86,32.85,32.854,0.054670391620137974,5e-324,0.007883410558281826,0.007942911819873428,0.054670391620,0.000000000001,0.000000000019,0.007883410559,0.007942911820,0.046786981042,0.046727479781,True,True
s0.86_t7,0.86,0.86,32.855,32.859,0.05417776190253946,5e-324,0.007829163633624405,0.007904236398520172,0.054177761902,0.000000000001,0.000000000019,0.007829163634,0.007904236399,0.046348598249,0.046273525484,True,True
s0.86_t8,0.86,0.86,32.86,32.86,0.06300836053173399,5e-324,0.002530742514426426,0.002531146873605271,0.063008360531,0.000000000001,0.000000000016,0.002530742515,0.002531146874,0.060477618000,0.060477213641,True,True
